datetime_iso,datetime_ph,latitude_(n),longitude_(e),depth_km,mag,location,distance_km,bearing,reference_location
2025-10-23T02:02:00.000Z,23 October 2025 - 02:02 AM,15.92,121.88,011,2.4,026km S 19° W of Dinalungan (Aurora),026,S 19° W,Dinalungan (Aurora)
2025-10-23T01:50:00.000Z,23 October 2025 - 01:50 AM,11.13,124.10,003,2.4,016km N 57° E of City Of Bogo (Cebu),016,N 57° E,City Of Bogo (Cebu)
2025-10-23T01:44:00.000Z,23 October 2025 - 01:44 AM,11.21,123.97,007,1.7,018km N 05° W of City Of Bogo (Cebu),018,N 05° W,City Of Bogo (Cebu)
2025-10-23T01:44:00.000Z,23 October 2025 - 01:44 AM,13.66,122.79,032,1.6,020km S 43° W of Lupi (Camarines Sur),020,S 43° W,Lupi (Camarines Sur)
2025-10-23T01:39:00.000Z,23 October 2025 - 01:39 AM,13.61,122.77,034,1.5,026km S 37° W of Lupi (Camarines Sur),026,S 37° W,Lupi (Camarines Sur)
2025-10-23T01:31:00.000Z,23 October 2025 - 01:31 AM,11.16,124.13,007,3.0,020km N 56° E of City Of Bogo (Cebu),020,N 56° E,City Of Bogo (Cebu)
2025-10-23T01:30:00.000Z,23 October 2025 - 01:30 AM,13.57,120.80,007,2.6,013km S 39° W of Tingloy (Batangas),013,S 39° W,Tingloy (Batangas)
2025-10-23T01:29:00.000Z,23 October 2025 - 01:29 AM,06.83,127.52,029,2.4,116km S 69° E of Manay (Davao Oriental),116,S 69° E,Manay (Davao Oriental)
2025-10-23T01:10:00.000Z,23 October 2025 - 01:10 AM,07.33,126.67,017,3.0,019km N 47° E of Manay (Davao Oriental),019,N 47° E,Manay (Davao Oriental)
2025-10-23T01:07:00.000Z,23 October 2025 - 01:07 AM,09.41,125.67,030,2.3,011km S 69° E of Kitcharao (Agusan Del Norte),011,S 69° E,Kitcharao (Agusan Del Norte)
2025-10-23T00:45:00.000Z,23 October 2025 - 12:45 AM,11.26,123.99,022,2.6,024km N 04° E of City Of Bogo (Cebu),024,N 04° E,City Of Bogo (Cebu)
2025-10-23T00:31:00.000Z,23 October 2025 - 12:31 AM,18.84,120.50,014,2.4,039km N 23° W of Burgos (Ilocos Norte),039,N 23° W,Burgos (Ilocos Norte)
2025-10-23T00:09:00.000Z,23 October 2025 - 12:09 AM,16.13,120.72,025,2.0,008km N 32° W of San Nicolas (Pangasinan),008,N 32° W,San Nicolas (Pangasinan)
2025-10-23T00:03:00.000Z,23 October 2025 - 12:03 AM,07.80,126.43,029,2.1,003km N 76° W of Cateel (Davao Oriental),003,N 76° W,Cateel (Davao Oriental)
2025-10-23T00:02:00.000Z,23 October 2025 - 12:02 AM,11.10,123.98,028,1.5,006km N 03° E of City Of Bogo (Cebu),006,N 03° E,City Of Bogo (Cebu)
2025-10-22T23:29:00.000Z,22 October 2025 - 11:29 PM,11.14,124.07,029,2.8,014km N 44° E of City Of Bogo (Cebu),014,N 44° E,City Of Bogo (Cebu)
2025-10-22T23:26:00.000Z,22 October 2025 - 11:26 PM,13.73,122.83,011,1.8,011km S 51° W of Lupi (Camarines Sur),011,S 51° W,Lupi (Camarines Sur)
2025-10-22T22:32:00.000Z,22 October 2025 - 10:32 PM,11.06,123.90,036,2.1,009km N 77° W of City Of Bogo (Cebu),009,N 77° W,City Of Bogo (Cebu)
2025-10-22T22:24:00.000Z,22 October 2025 - 10:24 PM,09.63,126.19,036,1.8,017km S 13° E of General Luna (Surigao Del Norte),017,S 13° E,General Luna (Surigao Del Norte)
2025-10-22T21:31:00.000Z,22 October 2025 - 09:31 PM,10.99,123.95,021,2.1,007km S 27° W of City Of Bogo (Cebu),007,S 27° W,City Of Bogo (Cebu)
2025-10-22T21:31:00.000Z,22 October 2025 - 09:31 PM,13.50,121.53,026,1.8,032km N 53° E of Naujan (Oriental Mindoro),032,N 53° E,Naujan (Oriental Mindoro)
2025-10-22T21:22:00.000Z,22 October 2025 - 09:22 PM,08.79,126.63,012,3.6,039km S 69° E of Cagwait (Surigao Del Sur),039,S 69° E,Cagwait (Surigao Del Sur)
2025-10-22T21:19:00.000Z,22 October 2025 - 09:19 PM,11.12,124.17,006,2.4,022km N 69° E of City Of Bogo (Cebu),022,N 69° E,City Of Bogo (Cebu)
2025-10-22T20:52:00.000Z,22 October 2025 - 08:52 PM,07.19,126.57,016,3.1,004km S 57° E of Manay (Davao Oriental),004,S 57° E,Manay (Davao Oriental)
2025-10-22T20:46:00.000Z,22 October 2025 - 08:46 PM,07.35,127.32,035,3.2,088km N 80° E of Manay (Davao Oriental),088,N 80° E,Manay (Davao Oriental)
2025-10-22T20:40:00.000Z,22 October 2025 - 08:40 PM,10.99,123.97,013,2.6,006km S 10° W of City Of Bogo (Cebu),006,S 10° W,City Of Bogo (Cebu)
2025-10-22T20:15:00.000Z,22 October 2025 - 08:15 PM,09.68,126.14,032,2.0,012km S 10° W of General Luna (Surigao Del Norte),012,S 10° W,General Luna (Surigao Del Norte)
2025-10-22T20:04:00.000Z,22 October 2025 - 08:04 PM,08.69,126.23,026,1.8,026km S 17° W of Cagwait (Surigao Del Sur),026,S 17° W,Cagwait (Surigao Del Sur)
2025-10-22T20:02:00.000Z,22 October 2025 - 08:02 PM,07.23,126.62,012,2.5,009km N 76° E of Manay (Davao Oriental),009,N 76° E,Manay (Davao Oriental)
2025-10-22T19:28:00.000Z,22 October 2025 - 07:28 PM,08.82,126.71,013,2.9,046km S 76° E of Cagwait (Surigao Del Sur),046,S 76° E,Cagwait (Surigao Del Sur)
2025-10-22T19:29:00.000Z,22 October 2025 - 07:29 PM,08.79,126.63,028,3.3,039km S 69° E of Cagwait (Surigao Del Sur),039,S 69° E,Cagwait (Surigao Del Sur)
2025-10-22T19:00:00.000Z,22 October 2025 - 07:00 PM,10.83,123.97,011,1.9,024km S 04° W of City Of Bogo (Cebu),024,S 04° W,City Of Bogo (Cebu)
2025-10-22T19:00:00.000Z,22 October 2025 - 07:00 PM,08.82,126.50,027,3.0,023km S 61° E of Cagwait (Surigao Del Sur),023,S 61° E,Cagwait (Surigao Del Sur)
2025-10-22T18:49:00.000Z,22 October 2025 - 06:49 PM,11.18,124.03,034,1.8,016km N 21° E of City Of Bogo (Cebu),016,N 21° E,City Of Bogo (Cebu)
2025-10-22T18:48:00.000Z,22 October 2025 - 06:48 PM,07.26,123.44,019,2.7,023km S 08° E of Tabina (Zamboanga Del Sur),023,S 08° E,Tabina (Zamboanga Del Sur)
2025-10-22T18:33:00.000Z,22 October 2025 - 06:33 PM,07.40,126.24,026,3.2,016km N 56° E of Maragusan (Davao De Oro),016,N 56° E,Maragusan (Davao De Oro)
2025-10-22T18:19:00.000Z,22 October 2025 - 06:19 PM,08.82,126.42,029,1.6,017km S 52° E of Cagwait (Surigao Del Sur),017,S 52° E,Cagwait (Surigao Del Sur)
2025-10-22T18:18:00.000Z,22 October 2025 - 06:18 PM,13.72,120.62,108,1.8,013km S 04° W of Calatagan (Batangas),013,S 04° W,Calatagan (Batangas)
2025-10-22T18:09:00.000Z,22 October 2025 - 06:09 PM,10.53,122.19,006,2.2,014km S 22° W of Miagao (Iloilo),014,S 22° W,Miagao (Iloilo)
2025-10-22T18:00:00.000Z,22 October 2025 - 06:00 PM,10.67,122.18,006,2.2,007km N 62° W of Miagao (Iloilo),007,N 62° W,Miagao (Iloilo)
2025-10-22T17:53:00.000Z,22 October 2025 - 05:53 PM,08.14,126.76,013,2.9,040km N 74° E of Lingig (Surigao Del Sur),040,N 74° E,Lingig (Surigao Del Sur)
2025-10-22T17:41:00.000Z,22 October 2025 - 05:41 PM,10.90,123.88,005,2.5,019km S 34° W of City Of Bogo (Cebu),019,S 34° W,City Of Bogo (Cebu)
2025-10-22T17:25:00.000Z,22 October 2025 - 05:25 PM,13.46,123.40,033,2.6,004km N 73° E of Baao (Camarines Sur),004,N 73° E,Baao (Camarines Sur)
2025-10-22T17:21:00.000Z,22 October 2025 - 05:21 PM,10.99,123.98,002,2.7,007km S 02° W of City Of Bogo (Cebu),007,S 02° W,City Of Bogo (Cebu)
2025-10-22T16:57:00.000Z,22 October 2025 - 04:57 PM,10.99,123.98,035,2.6,007km S 04° W of City Of Bogo (Cebu),007,S 04° W,City Of Bogo (Cebu)
2025-10-22T16:32:00.000Z,22 October 2025 - 04:32 PM,11.38,124.29,018,2.1,007km S 68° W of San Isidro (Leyte),007,S 68° W,San Isidro (Leyte)
2025-10-22T16:29:00.000Z,22 October 2025 - 04:29 PM,07.27,127.43,002,3.1,098km N 86° E of Manay (Davao Oriental),098,N 86° E,Manay (Davao Oriental)
2025-10-22T15:42:00.000Z,22 October 2025 - 03:42 PM,09.48,126.03,001,2.3,016km N 37° E of Carrascal (Surigao Del Sur),016,N 37° E,Carrascal (Surigao Del Sur)
2025-10-22T15:16:00.000Z,22 October 2025 - 03:16 PM,13.14,120.45,017,1.8,018km S 59° W of Mamburao (Occidental Mindoro),018,S 59° W,Mamburao (Occidental Mindoro)
2025-10-22T15:08:00.000Z,22 October 2025 - 03:08 PM,09.58,126.17,034,2.1,022km S 16° E of General Luna (Surigao Del Norte),022,S 16° E,General Luna (Surigao Del Norte)
2025-10-22T15:06:00.000Z,22 October 2025 - 03:06 PM,18.65,120.59,005,3.2,017km N 19° W of Burgos (Ilocos Norte),017,N 19° W,Burgos (Ilocos Norte)
2025-10-22T14:47:00.000Z,22 October 2025 - 02:47 PM,11.17,123.75,026,2.2,004km N 86° E of Bantayan (Cebu),004,N 86° E,Bantayan (Cebu)
2025-10-22T14:09:00.000Z,22 October 2025 - 02:09 PM,03.53,125.73,046,3.5,211km S 09° E of Balut Island (Municipality Of Sarangani) (Davao Occidental),211,S 09° E,Balut Island (Municipality Of Sarangani) (Davao Occidental)
2025-10-22T13:52:00.000Z,22 October 2025 - 01:52 PM,09.59,126.23,029,1.7,022km S 21° E of General Luna (Surigao Del Norte),022,S 21° E,General Luna (Surigao Del Norte)
2025-10-22T13:39:00.000Z,22 October 2025 - 01:39 PM,13.76,120.58,086,2.0,009km S 34° W of Calatagan (Batangas),009,S 34° W,Calatagan (Batangas)
2025-10-22T13:21:00.000Z,22 October 2025 - 01:21 PM,09.64,126.21,031,2.2,017km S 19° E of General Luna (Surigao Del Norte),017,S 19° E,General Luna (Surigao Del Norte)
2025-10-22T13:08:00.000Z,22 October 2025 - 01:08 PM,09.64,126.02,033,2.3,022km S 44° W of General Luna (Surigao Del Norte),022,S 44° W,General Luna (Surigao Del Norte)
2025-10-22T12:58:00.000Z,22 October 2025 - 12:58 PM,09.71,126.24,028,2.2,012km S 47° E of General Luna (Surigao Del Norte),012,S 47° E,General Luna (Surigao Del Norte)
2025-10-22T12:05:00.000Z,22 October 2025 - 12:05 PM,11.20,124.02,001,2.1,017km N 16° E of City Of Bogo (Cebu),017,N 16° E,City Of Bogo (Cebu)
2025-10-22T11:52:00.000Z,22 October 2025 - 11:52 AM,11.15,123.97,005,2.6,011km N 08° W of City Of Bogo (Cebu),011,N 08° W,City Of Bogo (Cebu)
2025-10-22T11:33:00.000Z,22 October 2025 - 11:33 AM,12.56,124.75,030,2.1,004km N 03° E of Mondragon (Northern Samar),004,N 03° E,Mondragon (Northern Samar)
2025-10-22T11:30:00.000Z,22 October 2025 - 11:30 AM,11.15,123.96,012,1.8,012km N 09° W of City Of Bogo (Cebu),012,N 09° W,City Of Bogo (Cebu)
2025-10-22T10:19:00.000Z,22 October 2025 - 10:19 AM,08.03,127.21,038,2.2,088km N 55° E of Baganga (Davao Oriental),088,N 55° E,Baganga (Davao Oriental)
2025-10-22T10:05:00.000Z,22 October 2025 - 10:05 AM,08.57,126.12,002,2.5,005km North of Barobo (Surigao Del Sur),005,North of Barobo,Del Sur)
2025-10-22T09:15:00.000Z,22 October 2025 - 09:15 AM,09.78,126.23,050,2.2,008km S 88° E of General Luna (Surigao Del Norte),008,S 88° E,General Luna (Surigao Del Norte)
2025-10-22T09:00:00.000Z,22 October 2025 - 09:00 AM,11.26,124.08,033,2.3,026km N 26° E of City Of Bogo (Cebu),026,N 26° E,City Of Bogo (Cebu)
2025-10-22T08:56:00.000Z,22 October 2025 - 08:56 AM,11.12,124.11,005,2.8,017km N 62° E of City Of Bogo (Cebu),017,N 62° E,City Of Bogo (Cebu)
2025-10-22T08:18:00.000Z,22 October 2025 - 08:18 AM,11.04,124.03,008,2.4,005km S 86° E of City Of Bogo (Cebu),005,S 86° E,City Of Bogo (Cebu)
2025-10-22T07:58:00.000Z,22 October 2025 - 07:58 AM,13.81,120.58,080,1.5,006km S 62° W of Calatagan (Batangas),006,S 62° W,Calatagan (Batangas)
2025-10-22T07:53:00.000Z,22 October 2025 - 07:53 AM,06.94,127.35,011,3.0,094km S 71° E of Manay (Davao Oriental),094,S 71° E,Manay (Davao Oriental)
2025-10-22T07:43:00.000Z,22 October 2025 - 07:43 AM,08.92,126.48,019,3.8,019km N 89° E of Cagwait (Surigao Del Sur),019,N 89° E,Cagwait (Surigao Del Sur)
2025-10-22T07:36:00.000Z,22 October 2025 - 07:36 AM,19.07,121.11,015,2.4,011km S 69° W of Dalupiri Island (Calayan) (Cagayan),011,S 69° W,Dalupiri Island (Calayan) (Cagayan)
2025-10-22T07:21:00.000Z,22 October 2025 - 07:21 AM,11.13,124.01,019,1.6,010km N 22° E of City Of Bogo (Cebu),010,N 22° E,City Of Bogo (Cebu)
2025-10-22T07:09:00.000Z,22 October 2025 - 07:09 AM,09.75,126.57,015,2.3,045km S 86° E of General Luna (Surigao Del Norte),045,S 86° E,General Luna (Surigao Del Norte)
2025-10-22T06:45:00.000Z,22 October 2025 - 06:45 AM,10.86,123.87,003,2.5,024km S 29° W of City Of Bogo (Cebu),024,S 29° W,City Of Bogo (Cebu)
2025-10-22T06:38:00.000Z,22 October 2025 - 06:38 AM,11.12,124.28,001,2.3,034km N 77° E of City Of Bogo (Cebu),034,N 77° E,City Of Bogo (Cebu)
2025-10-22T06:29:00.000Z,22 October 2025 - 06:29 AM,11.20,123.91,002,3.3,018km N 25° W of City Of Bogo (Cebu),018,N 25° W,City Of Bogo (Cebu)
2025-10-22T06:23:00.000Z,22 October 2025 - 06:23 AM,11.25,123.94,009,2.3,022km N 10° W of City Of Bogo (Cebu),022,N 10° W,City Of Bogo (Cebu)
2025-10-22T06:11:00.000Z,22 October 2025 - 06:11 AM,11.17,123.91,010,2.2,015km N 28° W of City Of Bogo (Cebu),015,N 28° W,City Of Bogo (Cebu)
2025-10-22T06:11:00.000Z,22 October 2025 - 06:11 AM,09.65,126.23,032,1.4,017km S 28° E of General Luna (Surigao Del Norte),017,S 28° E,General Luna (Surigao Del Norte)
2025-10-22T06:06:00.000Z,22 October 2025 - 06:06 AM,11.15,124.02,033,1.8,012km N 21° E of City Of Bogo (Cebu),012,N 21° E,City Of Bogo (Cebu)
2025-10-22T06:05:00.000Z,22 October 2025 - 06:05 AM,07.96,126.38,132,1.7,009km S 24° W of Lingig (Surigao Del Sur),009,S 24° W,Lingig (Surigao Del Sur)
2025-10-22T05:37:00.000Z,22 October 2025 - 05:37 AM,13.65,120.63,092,1.9,020km S 01° W of Calatagan (Batangas),020,S 01° W,Calatagan (Batangas)
2025-10-22T05:35:00.000Z,22 October 2025 - 05:35 AM,07.87,125.18,043,2.0,011km S 72° E of City Of Valencia (Bukidnon),011,S 72° E,City Of Valencia (Bukidnon)
2025-10-22T05:03:00.000Z,22 October 2025 - 05:03 AM,10.51,123.68,034,1.9,004km N 85° W of Balamban (Cebu),004,N 85° W,Balamban (Cebu)
2025-10-22T04:09:00.000Z,22 October 2025 - 04:09 AM,05.97,126.08,134,2.1,048km N 83° E of Jose Abad Santos (Davao Occidental),048,N 83° E,Jose Abad Santos (Davao Occidental)
2025-10-22T03:57:00.000Z,22 October 2025 - 03:57 AM,07.58,122.14,011,2.7,001km S 16° W of Sirawai (Zamboanga Del Norte),001,S 16° W,Sirawai (Zamboanga Del Norte)
2025-10-22T03:57:00.000Z,22 October 2025 - 03:57 AM,17.66,120.40,003,2.9,003km N 33° W of Santo Domingo (Ilocos Sur),003,N 33° W,Santo Domingo (Ilocos Sur)
2025-10-22T03:54:00.000Z,22 October 2025 - 03:54 AM,05.72,126.46,061,3.2,093km S 77° E of Jose Abad Santos (Davao Occidental),093,S 77° E,Jose Abad Santos (Davao Occidental)
2025-10-22T03:53:00.000Z,22 October 2025 - 03:53 AM,10.97,124.03,028,2.0,010km S 33° E of City Of Bogo (Cebu),010,S 33° E,City Of Bogo (Cebu)
2025-10-22T03:43:00.000Z,22 October 2025 - 03:43 AM,09.76,126.18,032,2.5,003km S 37° E of General Luna (Surigao Del Norte),003,S 37° E,General Luna (Surigao Del Norte)
2025-10-22T03:20:00.000Z,22 October 2025 - 03:20 AM,07.23,126.76,022,1.8,024km N 85° E of Manay (Davao Oriental),024,N 85° E,Manay (Davao Oriental)
2025-10-22T03:18:00.000Z,22 October 2025 - 03:18 AM,07.25,126.87,025,2.5,036km N 84° E of Manay (Davao Oriental),036,N 84° E,Manay (Davao Oriental)
2025-10-22T03:16:00.000Z,22 October 2025 - 03:16 AM,09.47,126.25,030,2.1,036km S 17° E of General Luna (Surigao Del Norte),036,S 17° E,General Luna (Surigao Del Norte)
2025-10-22T03:00:00.000Z,22 October 2025 - 03:00 AM,09.64,126.09,034,2.1,017km S 27° W of General Luna (Surigao Del Norte),017,S 27° W,General Luna (Surigao Del Norte)
2025-10-22T02:34:00.000Z,22 October 2025 - 02:34 AM,13.59,120.36,002,2.0,039km S 41° E of Lubang (Occidental Mindoro),039,S 41° E,Lubang (Occidental Mindoro)
2025-10-22T02:33:00.000Z,22 October 2025 - 02:33 AM,16.15,122.26,007,1.9,021km S 47° E of Casiguran (Aurora),021,S 47° E,Casiguran (Aurora)
2025-10-22T02:31:00.000Z,22 October 2025 - 02:31 AM,07.28,126.91,004,1.8,042km N 79° E of Manay (Davao Oriental),042,N 79° E,Manay (Davao Oriental)
2025-10-22T02:27:00.000Z,22 October 2025 - 02:27 AM,07.17,126.72,020,1.9,020km S 76° E of Manay (Davao Oriental),020,S 76° E,Manay (Davao Oriental)
