datetime_iso,datetime_ph,latitude_(n),longitude_(e),depth_km,mag,location,distance_km,bearing,reference_location
2025-11-12T18:49:00.000Z,12 November 2025 - 06:49 PM,10.18,126.17,032,1.6,021km N 30° E of Burgos (Surigao Del Norte),021,N 30° E,Burgos (Surigao Del Norte)
2025-11-12T17:19:00.000Z,12 November 2025 - 05:19 PM,09.65,126.19,036,1.7,015km S 15° E of General Luna (Surigao Del Norte),015,S 15° E,General Luna (Surigao Del Norte)
2025-11-12T17:02:00.000Z,12 November 2025 - 05:02 PM,17.55,120.15,022,2.7,023km S 80° W of Santa Catalina (Ilocos Sur),023,S 80° W,Santa Catalina (Ilocos Sur)
2025-11-12T16:54:00.000Z,12 November 2025 - 04:54 PM,07.31,126.31,024,2.0,021km S 88° E of Maragusan (Davao De Oro),021,S 88° E,Maragusan (Davao De Oro)
2025-11-12T16:40:00.000Z,12 November 2025 - 04:40 PM,07.32,126.82,017,3.7,033km N 68° E of Manay (Davao Oriental),033,N 68° E,Manay (Davao Oriental)
2025-11-12T16:10:00.000Z,12 November 2025 - 04:10 PM,05.92,126.23,054,3.0,065km N 89° E of Jose Abad Santos (Davao Occidental),065,N 89° E,Jose Abad Santos (Davao Occidental)
2025-11-12T15:45:00.000Z,12 November 2025 - 03:45 PM,07.94,122.43,031,1.9,006km S 27° E of Gutalac (Zamboanga Del Norte),006,S 27° E,Gutalac (Zamboanga Del Norte)
2025-11-12T15:23:00.000Z,12 November 2025 - 03:23 PM,11.10,123.90,001,2.7,010km N 55° W of City Of Bogo (Cebu),010,N 55° W,City Of Bogo (Cebu)
2025-11-12T13:49:00.000Z,12 November 2025 - 01:49 PM,09.28,125.56,002,2.8,001km N 05° W of Santiago (Agusan Del Norte),001,N 05° W,Santiago (Agusan Del Norte)
2025-11-12T12:19:00.000Z,12 November 2025 - 12:19 PM,08.97,126.45,019,3.4,017km N 70° E of Cagwait (Surigao Del Sur),017,N 70° E,Cagwait (Surigao Del Sur)
2025-11-12T13:15:00.000Z,12 November 2025 - 01:15 PM,09.25,126.18,022,2.0,003km S 26° W of Cortes (Surigao Del Sur),003,S 26° W,Cortes (Surigao Del Sur)
2025-11-12T13:15:00.000Z,12 November 2025 - 01:15 PM,11.14,124.08,028,2.0,015km N 46° E of City Of Bogo (Cebu),015,N 46° E,City Of Bogo (Cebu)
2025-11-12T12:50:00.000Z,12 November 2025 - 12:50 PM,07.71,126.41,023,1.8,010km S 29° W of Cateel (Davao Oriental),010,S 29° W,Cateel (Davao Oriental)
2025-11-12T12:27:00.000Z,12 November 2025 - 12:27 PM,05.91,127.33,032,3.0,159km S 38° E of Tarragona (Davao Oriental),159,S 38° E,Tarragona (Davao Oriental)
2025-11-12T12:24:00.000Z,12 November 2025 - 12:24 PM,07.10,126.56,020,2.9,012km S 13° E of Manay (Davao Oriental),012,S 13° E,Manay (Davao Oriental)
2025-11-12T12:16:00.000Z,12 November 2025 - 12:16 PM,05.41,126.63,059,2.9,122km S 63° E of Jose Abad Santos (Davao Occidental),122,S 63° E,Jose Abad Santos (Davao Occidental)
2025-11-12T12:13:00.000Z,12 November 2025 - 12:13 PM,16.92,120.20,023,2.3,021km N 69° W of Luna (La Union),021,N 69° W,Luna (La Union)
2025-11-12T11:37:00.000Z,12 November 2025 - 11:37 AM,13.13,121.28,027,2.0,005km S 03° E of Victoria (Oriental Mindoro),005,S 03° E,Victoria (Oriental Mindoro)
2025-11-12T11:23:00.000Z,12 November 2025 - 11:23 AM,09.05,126.36,030,2.7,016km N 23° E of Cagwait (Surigao Del Sur),016,N 23° E,Cagwait (Surigao Del Sur)
2025-11-12T10:51:00.000Z,12 November 2025 - 10:51 AM,11.13,124.09,032,1.9,016km N 52° E of City Of Bogo (Cebu),016,N 52° E,City Of Bogo (Cebu)
2025-11-12T10:47:00.000Z,12 November 2025 - 10:47 AM,08.17,125.93,033,1.2,007km S 82° W of Bunawan (Agusan Del Sur),007,S 82° W,Bunawan (Agusan Del Sur)
2025-11-12T10:34:00.000Z,12 November 2025 - 10:34 AM,06.05,126.01,138,3.1,039km S 66° E of Don Marcelino (Davao Occidental),039,S 66° E,Don Marcelino (Davao Occidental)
2025-11-12T10:29:00.000Z,12 November 2025 - 10:29 AM,09.78,126.05,030,2.6,012km S 89° W of General Luna (Surigao Del Norte),012,S 89° W,General Luna (Surigao Del Norte)
2025-11-12T09:18:00.000Z,12 November 2025 - 09:18 AM,07.46,126.81,026,3.2,041km N 48° E of Manay (Davao Oriental),041,N 48° E,Manay (Davao Oriental)
2025-11-12T09:05:00.000Z,12 November 2025 - 09:05 AM,10.92,123.98,027,1.9,014km S 01° W of City Of Bogo (Cebu),014,S 01° W,City Of Bogo (Cebu)
2025-11-12T08:53:00.000Z,12 November 2025 - 08:53 AM,09.65,126.15,033,1.3,014km S 05° W of General Luna (Surigao Del Norte),014,S 05° W,General Luna (Surigao Del Norte)
2025-11-12T08:09:00.000Z,12 November 2025 - 08:09 AM,11.12,124.11,002,2.1,016km N 61° E of City Of Bogo (Cebu),016,N 61° E,City Of Bogo (Cebu)
2025-11-12T07:52:00.000Z,12 November 2025 - 07:52 AM,10.92,123.93,003,2.6,015km S 18° W of City Of Bogo (Cebu),015,S 18° W,City Of Bogo (Cebu)
2025-11-12T07:23:00.000Z,12 November 2025 - 07:23 AM,09.68,126.27,029,1.7,017km S 47° E of General Luna (Surigao Del Norte),017,S 47° E,General Luna (Surigao Del Norte)
2025-11-12T07:15:00.000Z,12 November 2025 - 07:15 AM,08.99,126.65,023,1.9,039km N 78° E of Cagwait (Surigao Del Sur),039,N 78° E,Cagwait (Surigao Del Sur)
2025-11-12T05:53:00.000Z,12 November 2025 - 05:53 AM,08.68,122.89,038,2.1,029km N 50° W of Manukan (Zamboanga Del Norte),029,N 50° W,Manukan (Zamboanga Del Norte)
2025-11-12T05:37:00.000Z,12 November 2025 - 05:37 AM,10.93,123.96,001,2.4,013km S 10° W of City Of Bogo (Cebu),013,S 10° W,City Of Bogo (Cebu)
2025-11-12T05:03:00.000Z,12 November 2025 - 05:03 AM,16.92,119.90,021,3.5,051km N 82° W of Luna (La Union),051,N 82° W,Luna (La Union)
2025-11-12T04:01:00.000Z,12 November 2025 - 04:01 AM,11.44,124.47,015,3.1,003km S 17° W of Biliran (Biliran),003,S 17° W,Biliran (Biliran)
2025-11-12T03:51:00.000Z,12 November 2025 - 03:51 AM,06.84,124.99,001,2.6,013km N 84° E of Tulunan (Cotabato),013,N 84° E,Tulunan (Cotabato)
2025-11-12T03:37:00.000Z,12 November 2025 - 03:37 AM,10.78,123.83,017,1.6,006km S 46° W of Tabuelan (Cebu),006,S 46° W,Tabuelan (Cebu)
2025-11-12T03:29:00.000Z,12 November 2025 - 03:29 AM,11.06,124.02,017,2.1,005km N 76° E of City Of Bogo (Cebu),005,N 76° E,City Of Bogo (Cebu)
2025-11-12T03:21:00.000Z,12 November 2025 - 03:21 AM,16.85,121.00,007,2.9,001km N 30° W of Hungduan (Ifugao),001,N 30° W,Hungduan (Ifugao)
2025-11-12T02:31:00.000Z,12 November 2025 - 02:31 AM,11.81,120.93,033,1.3,060km S 23° W of Magsaysay (Occidental Mindoro),060,S 23° W,Magsaysay (Occidental Mindoro)
2025-11-12T02:12:00.000Z,12 November 2025 - 02:12 AM,09.86,125.74,033,1.4,011km S 48° E of Cagdianao (Dinagat Islands),011,S 48° E,Cagdianao (Dinagat Islands)
2025-11-12T02:12:00.000Z,12 November 2025 - 02:12 AM,09.86,125.74,033,1.4,011km S 48° E of Cagdianao (Dinagat Islands),011,S 48° E,Cagdianao (Dinagat Islands)
2025-11-12T02:05:00.000Z,12 November 2025 - 02:05 AM,09.61,126.26,030,1.7,022km S 32° E of General Luna (Surigao Del Norte),022,S 32° E,General Luna (Surigao Del Norte)
2025-11-12T02:02:00.000Z,12 November 2025 - 02:02 AM,09.12,126.72,013,2.6,051km N 64° E of Cagwait (Surigao Del Sur),051,N 64° E,Cagwait (Surigao Del Sur)
2025-11-12T01:59:00.000Z,12 November 2025 - 01:59 AM,12.61,121.23,033,1.3,031km N 85° W of Roxas (Oriental Mindoro),031,N 85° W,Roxas (Oriental Mindoro)
2025-11-12T01:05:00.000Z,12 November 2025 - 01:05 AM,11.12,124.08,007,2.9,013km N 52° E of City Of Bogo (Cebu),013,N 52° E,City Of Bogo (Cebu)
2025-11-12T01:02:00.000Z,12 November 2025 - 01:02 AM,05.89,126.07,027,2.3,047km S 86° E of Jose Abad Santos (Davao Occidental),047,S 86° E,Jose Abad Santos (Davao Occidental)
2025-11-12T00:53:00.000Z,12 November 2025 - 12:53 AM,07.36,126.75,022,2.1,028km N 55° E of Manay (Davao Oriental),028,N 55° E,Manay (Davao Oriental)
2025-11-12T00:50:00.000Z,12 November 2025 - 12:50 AM,07.10,126.00,018,2.0,011km S 76° E of Pantukan (Davao De Oro),011,S 76° E,Pantukan (Davao De Oro)
2025-11-12T00:48:00.000Z,12 November 2025 - 12:48 AM,06.96,124.89,033,1.6,003km N 45° E of M'lang (Cotabato),003,N 45° E,M'lang (Cotabato)
2025-11-12T00:29:00.000Z,12 November 2025 - 12:29 AM,11.11,123.98,007,3.4,007km N 01° E of City Of Bogo (Cebu),007,N 01° E,City Of Bogo (Cebu)
2025-11-12T00:28:00.000Z,12 November 2025 - 12:28 AM,08.86,126.23,029,2.0,010km S 49° W of Cagwait (Surigao Del Sur),010,S 49° W,Cagwait (Surigao Del Sur)
2025-11-12T00:20:00.000Z,12 November 2025 - 12:20 AM,11.20,123.98,032,2.1,017km N 01° W of City Of Bogo (Cebu),017,N 01° W,City Of Bogo (Cebu)
2025-11-12T00:16:00.000Z,12 November 2025 - 12:16 AM,11.14,123.97,010,3.2,010km N 5° W of City Of Bogo (Cebu),010,N 5° W,City Of Bogo (Cebu)
2025-11-12T00:16:00.000Z,12 November 2025 - 12:16 AM,11.14,123.97,010,3.2,010km N 5° W of City Of Bogo (Cebu),010,N 5° W,City Of Bogo (Cebu)
2025-11-12T00:09:00.000Z,12 November 2025 - 12:09 AM,11.34,121.31,032,1.9,045km N 62° E of Agutaya (Palawan),045,N 62° E,Agutaya (Palawan)
2025-11-12T00:08:00.000Z,12 November 2025 - 12:08 AM,09.63,126.12,031,1.4,017km S 15° W of General Luna (Surigao Del Norte),017,S 15° W,General Luna (Surigao Del Norte)
2025-11-12T00:02:00.000Z,12 November 2025 - 12:02 AM,06.57,126.14,055,1.7,012km S 37° E of Governor Generoso (Davao Oriental),012,S 37° E,Governor Generoso (Davao Oriental)
