datetime_iso,datetime_ph,latitude_(n),longitude_(e),depth_km,mag,location,distance_km,bearing,reference_location
2026-01-04T21:56:00.000Z,04 January 2026 - 09:56 PM,10.37,125.76,029,1.8,020km N 87° E of Loreto (Dinagat Islands),020,N 87° E,Loreto (Dinagat Islands)
2026-01-04T21:47:00.000Z,04 January 2026 - 09:47 PM,07.39,126.82,029,2.2,037km N 57° E of Manay (Davao Oriental),037,N 57° E,Manay (Davao Oriental)
2026-01-04T20:57:00.000Z,04 January 2026 - 08:57 PM,09.82,125.51,026,1.5,003km N 36° E of City Of Surigao (Surigao Del Norte),003,N 36° E,City Of Surigao (Surigao Del Norte)
2026-01-04T20:04:00.000Z,04 January 2026 - 08:04 PM,09.87,122.06,002,2.8,042km N 74° W of City Of Sipalay (Negros Occidental),042,N 74° W,City Of Sipalay (Negros Occidental)
2026-01-04T19:46:00.000Z,04 January 2026 - 07:46 PM,10.42,124.19,002,1.3,019km S 80° E of Compostela (Cebu),019,S 80° E,Compostela (Cebu)
2026-01-04T18:23:00.000Z,04 January 2026 - 06:23 PM,08.51,125.87,014,2.4,011km S 28° W of Prosperidad (Agusan Del Sur),011,S 28° W,Prosperidad (Agusan Del Sur)
2026-01-04T17:39:00.000Z,04 January 2026 - 05:39 PM,17.01,120.11,031,1.5,033km N 58° W of Luna (La Union),033,N 58° W,Luna (La Union)
2026-01-04T16:37:00.000Z,04 January 2026 - 04:37 PM,08.47,126.46,115,1.7,017km N 49° E of Hinatuan (Surigao Del Sur),017,N 49° E,Hinatuan (Surigao Del Sur)
2026-01-04T16:24:00.000Z,04 January 2026 - 04:24 PM,13.01,123.43,070,1.6,005km S 38° W of Pio Duran (Albay),005,S 38° W,Pio Duran (Albay)
2026-01-04T16:08:00.000Z,04 January 2026 - 04:08 PM,09.60,125.57,028,2.3,005km N 05° E of Tubod (Surigao Del Norte),005,N 05° E,Tubod (Surigao Del Norte)
2026-01-04T16:03:00.000Z,04 January 2026 - 04:03 PM,07.82,125.95,054,1.4,011km S 85° W of Monkayo (Davao De Oro),011,S 85° W,Monkayo (Davao De Oro)
2026-01-04T15:52:00.000Z,04 January 2026 - 03:52 PM,06.09,126.20,131,2.4,057km S 77° E of Don Marcelino (Davao Occidental),057,S 77° E,Don Marcelino (Davao Occidental)
2026-01-04T15:37:00.000Z,04 January 2026 - 03:37 PM,10.17,125.84,032,1.5,028km N 52° W of Santa Monica (Surigao Del Norte),028,N 52° W,Santa Monica (Surigao Del Norte)
2026-01-04T14:25:00.000Z,04 January 2026 - 02:25 PM,10.84,123.93,005,2.1,023km S 15° W of City Of Bogo (Cebu),023,S 15° W,City Of Bogo (Cebu)
2026-01-04T14:02:00.000Z,04 January 2026 - 02:02 PM,13.69,120.98,001,2.3,008km S 31° E of Mabini (Batangas),008,S 31° E,Mabini (Batangas)
2026-01-04T13:25:00.000Z,04 January 2026 - 01:25 PM,09.67,126.34,020,2.4,024km S 57° E of General Luna (Surigao Del Norte),024,S 57° E,General Luna (Surigao Del Norte)
2026-01-04T12:50:00.000Z,04 January 2026 - 12:50 PM,08.47,125.74,050,2.0,003km S 10° E of San Luis (Agusan Del Sur),003,S 10° E,San Luis (Agusan Del Sur)
2026-01-04T11:47:00.000Z,04 January 2026 - 11:47 AM,16.83,119.81,022,2.4,050km N 10° W of Bolinao (Pangasinan),050,N 10° W,Bolinao (Pangasinan)
2026-01-04T10:02:00.000Z,04 January 2026 - 10:02 AM,18.19,120.60,029,1.5,001km S 71° E of City Of Laoag (Ilocos Norte),001,S 71° E,City Of Laoag (Ilocos Norte)
2026-01-04T09:02:00.000Z,04 January 2026 - 09:02 AM,11.03,124.00,003,2.2,003km S 57° E of City Of Bogo (Cebu),003,S 57° E,City Of Bogo (Cebu)
2026-01-04T08:41:00.000Z,04 January 2026 - 08:41 AM,07.41,126.58,023,2.1,009km N 12° E of Caraga (Davao Oriental),009,N 12° E,Caraga (Davao Oriental)
2026-01-04T07:13:00.000Z,04 January 2026 - 07:13 AM,05.53,127.46,040,5.1,198km S 51° E of Governor Generoso (Davao Oriental),198,S 51° E,Governor Generoso (Davao Oriental)
2026-01-04T05:14:00.000Z,04 January 2026 - 05:14 AM,10.90,123.99,007,2.6,016km S 03° E of City Of Bogo (Cebu),016,S 03° E,City Of Bogo (Cebu)
2026-01-04T04:56:00.000Z,04 January 2026 - 04:56 AM,07.17,126.52,019,2.4,005km S 27° W of Manay (Davao Oriental),005,S 27° W,Manay (Davao Oriental)
2026-01-04T04:46:00.000Z,04 January 2026 - 04:46 AM,04.76,127.73,125,5.4,262km S 72° E of Sarangani Island (Municipality Of Sarangani) (Davao Occidental),262,S 72° E,Sarangani Island (Municipality Of Sarangani) (Davao Occidental)
2026-01-04T04:23:00.000Z,04 January 2026 - 04:23 AM,07.07,126.81,024,3.7,034km S 63° E of Manay (Davao Oriental),034,S 63° E,Manay (Davao Oriental)
2026-01-04T04:11:00.000Z,04 January 2026 - 04:11 AM,11.32,125.19,084,3.0,014km N 71° E of Basey (Samar),014,N 71° E,Basey (Samar)
2026-01-04T02:55:00.000Z,04 January 2026 - 02:55 AM,19.74,121.37,004,3.4,054km N 12° W of Calayan (Cagayan),054,N 12° W,Calayan (Cagayan)
2026-01-04T02:33:00.000Z,04 January 2026 - 02:33 AM,09.66,126.25,026,2.2,017km S 37° E of General Luna (Surigao Del Norte),017,S 37° E,General Luna (Surigao Del Norte)
2026-01-04T02:31:00.000Z,04 January 2026 - 02:31 AM,13.50,120.14,001,2.3,027km S 27° W of Looc (Occidental Mindoro),027,S 27° W,Looc (Occidental Mindoro)
2026-01-04T00:54:00.000Z,04 January 2026 - 12:54 AM,13.40,120.14,020,1.8,035km S 87° W of Paluan (Occidental Mindoro),035,S 87° W,Paluan (Occidental Mindoro)
2026-01-03T23:58:00.000Z,03 January 2026 - 11:58 PM,16.10,120.72,014,2.1,006km N 50° W of San Nicolas (Pangasinan),006,N 50° W,San Nicolas (Pangasinan)
2026-01-03T23:39:00.000Z,03 January 2026 - 11:39 PM,13.41,120.17,015,3.4,032km S 88° W of Paluan (Occidental Mindoro),032,S 88° W,Paluan (Occidental Mindoro)
2026-01-03T23:34:00.000Z,03 January 2026 - 11:34 PM,08.14,127.26,001,2.8,094km N 83° E of Lingig (Surigao Del Sur),094,N 83° E,Lingig (Surigao Del Sur)
2026-01-03T22:56:00.000Z,03 January 2026 - 10:56 PM,09.97,126.31,001,2.5,025km N 80° E of San Isidro (Surigao Del Norte),025,N 80° E,San Isidro (Surigao Del Norte)
2026-01-03T23:45:00.000Z,03 January 2026 - 11:45 PM,17.41,120.20,022,3.2,025km S 51° W of Caoayan (Ilocos Sur),025,S 51° W,Caoayan (Ilocos Sur)
2026-01-03T22:28:00.000Z,03 January 2026 - 10:28 PM,10.88,124.02,005,2.0,019km S 13° E of City Of Bogo (Cebu),019,S 13° E,City Of Bogo (Cebu)
2026-01-03T22:02:00.000Z,03 January 2026 - 10:02 PM,07.81,121.95,014,1.4,021km N 89° W of Baliguian (Zamboanga Del Norte),021,N 89° W,Baliguian (Zamboanga Del Norte)
2026-01-03T21:57:00.000Z,03 January 2026 - 09:57 PM,06.71,125.89,034,3.4,021km N 74° W of Governor Generoso (Davao Oriental),021,N 74° W,Governor Generoso (Davao Oriental)
2026-01-03T21:02:00.000Z,03 January 2026 - 09:02 PM,18.83,120.55,034,3.2,036km N 16° W of Burgos (Ilocos Norte),036,N 16° W,Burgos (Ilocos Norte)
2026-01-03T20:20:00.000Z,03 January 2026 - 08:20 PM,06.53,125.18,008,1.8,013km S 37° W of Kiblawan (Davao Del Sur),013,S 37° W,Kiblawan (Davao Del Sur)
2026-01-03T19:48:00.000Z,03 January 2026 - 07:48 PM,07.32,126.65,008,2.4,010km S 83° E of Caraga (Davao Oriental),010,S 83° E,Caraga (Davao Oriental)
2026-01-03T19:30:00.000Z,03 January 2026 - 07:30 PM,09.84,125.91,001,1.5,008km S 63° W of Del Carmen (Surigao Del Norte),008,S 63° W,Del Carmen (Surigao Del Norte)
2026-01-03T18:10:00.000Z,03 January 2026 - 06:10 PM,06.95,126.72,021,2.2,035km S 34° E of Manay (Davao Oriental),035,S 34° E,Manay (Davao Oriental)
2026-01-03T17:06:00.000Z,03 January 2026 - 05:06 PM,09.73,126.21,002,2.3,008km S 43° E of General Luna (Surigao Del Norte),008,S 43° E,General Luna (Surigao Del Norte)
2026-01-03T16:44:00.000Z,03 January 2026 - 04:44 PM,09.67,126.17,023,2.0,012km S 08° E of General Luna (Surigao Del Norte),012,S 08° E,General Luna (Surigao Del Norte)
2026-01-03T16:13:00.000Z,03 January 2026 - 04:13 PM,09.67,126.32,034,1.9,022km S 56° E of General Luna (Surigao Del Norte),022,S 56° E,General Luna (Surigao Del Norte)
2026-01-03T16:10:00.000Z,03 January 2026 - 04:10 PM,09.63,126.23,032,1.4,018km S 25° E of General Luna (Surigao Del Norte),018,S 25° E,General Luna (Surigao Del Norte)
2026-01-03T15:58:00.000Z,03 January 2026 - 03:58 PM,09.64,126.27,034,1.4,020km S 40° E of General Luna (Surigao Del Norte),020,S 40° E,General Luna (Surigao Del Norte)
2026-01-03T15:52:00.000Z,03 January 2026 - 03:52 PM,13.50,120.48,018,1.9,009km N 08° E of Paluan (Occidental Mindoro),009,N 08° E,Paluan (Occidental Mindoro)
2026-01-03T15:19:00.000Z,03 January 2026 - 03:19 PM,10.32,122.45,003,1.8,024km S 18° W of Nueva Valencia (Guimaras),024,S 18° W,Nueva Valencia (Guimaras)
2026-01-03T15:07:00.000Z,03 January 2026 - 03:07 PM,08.51,127.36,018,2.5,114km N 82° E of Hinatuan (Surigao Del Sur),114,N 82° E,Hinatuan (Surigao Del Sur)
2026-01-03T15:03:00.000Z,03 January 2026 - 03:03 PM,10.93,123.76,013,2.0,027km S 62° W of City Of Bogo (Cebu),027,S 62° W,City Of Bogo (Cebu)
2026-01-03T15:02:00.000Z,03 January 2026 - 03:02 PM,09.67,126.33,028,2.2,022km S 57° E of General Luna (Surigao Del Norte),022,S 57° E,General Luna (Surigao Del Norte)
2026-01-03T14:53:00.000Z,03 January 2026 - 02:53 PM,09.65,126.23,029,3.7,017km S 30° E of General Luna (Surigao Del Norte),017,S 30° E,General Luna (Surigao Del Norte)
2026-01-03T14:50:00.000Z,03 January 2026 - 02:50 PM,10.89,123.86,001,2.1,021km S 37° W of City Of Bogo (Cebu),021,S 37° W,City Of Bogo (Cebu)
2026-01-03T14:08:00.000Z,03 January 2026 - 02:08 PM,13.19,124.33,003,1.9,022km N 90° E of Rapu-rapu (Albay),022,N 90° E,Rapu-rapu (Albay)
2026-01-03T13:47:00.000Z,03 January 2026 - 01:47 PM,09.68,126.03,020,2.7,018km S 49° W of General Luna (Surigao Del Norte),018,S 49° W,General Luna (Surigao Del Norte)
2026-01-03T13:23:00.000Z,03 January 2026 - 01:23 PM,09.53,122.83,130,3.5,017km N 17° E of City Of Bayawan (Negros Oriental),017,N 17° E,City Of Bayawan (Negros Oriental)
2026-01-03T13:22:00.000Z,03 January 2026 - 01:22 PM,13.07,124.41,015,2.2,024km N 83° E of Prieto Diaz (Sorsogon),024,N 83° E,Prieto Diaz (Sorsogon)
2026-01-03T13:10:00.000Z,03 January 2026 - 01:10 PM,11.12,124.70,008,2.1,012km S 50° W of Jaro (Leyte),012,S 50° W,Jaro (Leyte)
2026-01-03T13:06:00.000Z,03 January 2026 - 01:06 PM,16.96,119.97,019,2.4,045km N 76° W of Luna (La Union),045,N 76° W,Luna (La Union)
2026-01-03T11:55:00.000Z,03 January 2026 - 11:55 AM,07.64,126.04,009,2.1,006km S 61° W of Compostela (Davao De Oro),006,S 61° W,Compostela (Davao De Oro)
2026-01-03T11:19:00.000Z,03 January 2026 - 11:19 AM,06.21,126.55,022,2.3,072km S 47° E of Governor Generoso (Davao Oriental),072,S 47° E,Governor Generoso (Davao Oriental)
2026-01-03T11:10:00.000Z,03 January 2026 - 11:10 AM,07.24,126.69,013,2.2,017km N 79° E of Manay (Davao Oriental),017,N 79° E,Manay (Davao Oriental)
2026-01-03T10:16:00.000Z,03 January 2026 - 10:16 AM,12.05,122.39,017,1.4,034km N 26° E of Tangalan (Aklan),034,N 26° E,Tangalan (Aklan)
2026-01-03T10:05:00.000Z,03 January 2026 - 10:05 AM,11.06,123.97,006,1.6,002km N 43° W of City Of Bogo (Cebu),002,N 43° W,City Of Bogo (Cebu)
2026-01-03T07:28:00.000Z,03 January 2026 - 07:28 AM,17.13,120.38,005,3.2,007km S 59° W of City Of Candon (Ilocos Sur),007,S 59° W,City Of Candon (Ilocos Sur)
2026-01-03T07:13:00.000Z,03 January 2026 - 07:13 AM,05.88,124.24,011,2.2,034km S 55° W of Maitum (Sarangani),034,S 55° W,Maitum (Sarangani)
2026-01-03T03:12:00.000Z,03 January 2026 - 03:12 AM,08.77,126.17,033,1.2,007km N 67° W of San Agustin (Surigao Del Sur),007,N 67° W,San Agustin (Surigao Del Sur)
2026-01-03T06:32:00.000Z,03 January 2026 - 06:32 AM,15.16,120.08,016,1.3,003km S 86° E of Cabangan (Zambales),003,S 86° E,Cabangan (Zambales)
2026-01-03T01:57:00.000Z,03 January 2026 - 01:57 AM,09.02,126.24,012,1.6,000km S 76° E of Tago (Surigao Del Sur),000,S 76° E,Tago (Surigao Del Sur)
2026-01-03T05:50:00.000Z,03 January 2026 - 05:50 AM,13.12,121.07,004,2.1,024km S 74° W of Victoria (Oriental Mindoro),024,S 74° W,Victoria (Oriental Mindoro)
2026-01-02T19:16:00.000Z,02 January 2026 - 07:16 PM,09.01,126.33,026,1.5,007km N 44° E of Bayabas (Surigao Del Sur),007,N 44° E,Bayabas (Surigao Del Sur)
2026-01-03T05:11:00.000Z,03 January 2026 - 05:11 AM,09.56,125.67,032,1.6,007km S 75° W of Claver (Surigao Del Norte),007,S 75° W,Claver (Surigao Del Norte)
2026-01-03T04:25:00.000Z,03 January 2026 - 04:25 AM,08.06,126.98,003,2.9,063km N 88° E of Lingig (Surigao Del Sur),063,N 88° E,Lingig (Surigao Del Sur)
2026-01-03T04:16:00.000Z,03 January 2026 - 04:16 AM,12.06,125.56,021,1.7,008km N 76° E of Dolores (Eastern Samar),008,N 76° E,Dolores (Eastern Samar)
2026-01-03T04:03:00.000Z,03 January 2026 - 04:03 AM,02.95,128.84,148,4.6,467km S 54° E of Balut Island (Municipality Of Sarangani) (Davao Occidental),467,S 54° E,Balut Island (Municipality Of Sarangani) (Davao Occidental)
2026-01-03T03:44:00.000Z,03 January 2026 - 03:44 AM,11.00,124.00,010,1.9,006km S 18° E of City Of Bogo (Cebu),006,S 18° E,City Of Bogo (Cebu)
2026-01-03T03:27:00.000Z,03 January 2026 - 03:27 AM,07.83,122.77,030,1.3,004km N 24° E of Kabasalan (Zamboanga Sibugay),004,N 24° E,Kabasalan (Zamboanga Sibugay)
2026-01-03T03:24:00.000Z,03 January 2026 - 03:24 AM,02.92,126.23,056,3.3,289km S 18° E of Balut Island (Municipality Of Sarangani) (Davao Occidental),289,S 18° E,Balut Island (Municipality Of Sarangani) (Davao Occidental)
2026-01-03T02:59:00.000Z,03 January 2026 - 02:59 AM,03.29,126.80,050,3.4,280km S 33° E of Balut Island (Municipality Of Sarangani) (Davao Occidental),280,S 33° E,Balut Island (Municipality Of Sarangani) (Davao Occidental)
2026-01-03T02:21:00.000Z,03 January 2026 - 02:21 AM,09.47,125.51,019,2.8,008km N 72° W of Kitcharao (Agusan Del Norte),008,N 72° W,Kitcharao (Agusan Del Norte)
2026-01-03T02:18:00.000Z,03 January 2026 - 02:18 AM,05.80,126.70,020,3.1,117km S 36° E of Governor Generoso (Davao Oriental),117,S 36° E,Governor Generoso (Davao Oriental)
2026-01-03T01:21:00.000Z,03 January 2026 - 01:21 AM,10.88,123.97,006,1.7,019km S 04° W of City Of Bogo (Cebu),019,S 04° W,City Of Bogo (Cebu)
2026-01-03T01:18:00.000Z,03 January 2026 - 01:18 AM,09.72,126.29,030,2.2,016km S 66° E of General Luna (Surigao Del Norte),016,S 66° E,General Luna (Surigao Del Norte)
2026-01-03T01:13:00.000Z,03 January 2026 - 01:13 AM,07.78,125.89,027,1.5,011km S 68° E of Laak (Davao De Oro),011,S 68° E,Laak (Davao De Oro)
2026-01-03T01:05:00.000Z,03 January 2026 - 01:05 AM,15.38,120.32,032,2.8,019km S 55° W of San Jose (Tarlac),019,S 55° W,San Jose (Tarlac)
2026-01-03T00:53:00.000Z,03 January 2026 - 12:53 AM,08.15,125.98,033,1.9,003km S 26° W of Bunawan (Agusan Del Sur),003,S 26° W,Bunawan (Agusan Del Sur)
2026-01-03T00:45:00.000Z,03 January 2026 - 12:45 AM,06.28,126.97,010,4.3,103km S 34° E of Tarragona (Davao Oriental),103,S 34° E,Tarragona (Davao Oriental)
2026-01-03T00:40:00.000Z,03 January 2026 - 12:40 AM,06.25,125.83,018,2.5,016km N 69° E of Don Marcelino (Davao Occidental),016,N 69° E,Don Marcelino (Davao Occidental)
2026-01-03T00:18:00.000Z,03 January 2026 - 12:18 AM,08.71,126.57,018,1.4,031km S 71° E of Marihatag (Surigao Del Sur),031,S 71° E,Marihatag (Surigao Del Sur)
2026-01-03T00:12:00.000Z,03 January 2026 - 12:12 AM,11.01,123.92,017,2.6,008km S 63° W of City Of Bogo (Cebu),008,S 63° W,City Of Bogo (Cebu)
2026-01-02T03:09:00.000Z,02 January 2026 - 03:09 AM,13.25,119.68,031,1.9,080km S 50° W of Looc (Occidental Mindoro),080,S 50° W,Looc (Occidental Mindoro)
2026-01-03T00:06:00.000Z,03 January 2026 - 12:06 AM,08.77,126.73,031,2.1,050km S 70° E of Cagwait (Surigao Del Sur),050,S 70° E,Cagwait (Surigao Del Sur)
2026-01-03T00:04:00.000Z,03 January 2026 - 12:04 AM,15.60,119.99,030,1.3,007km S 59° E of Candelaria (Zambales),007,S 59° E,Candelaria (Zambales)
2026-01-02T23:37:00.000Z,02 January 2026 - 11:37 PM,11.58,121.02,021,1.4,048km N 10° E of Agutaya (Palawan),048,N 10° E,Agutaya (Palawan)
2026-01-02T23:14:00.000Z,02 January 2026 - 11:14 PM,08.21,125.95,006,2.9,006km N 61° W of Bunawan (Agusan Del Sur),006,N 61° W,Bunawan (Agusan Del Sur)
2026-01-02T22:32:00.000Z,02 January 2026 - 10:32 PM,05.89,127.26,082,3.8,156km S 57° E of Governor Generoso (Davao Oriental),156,S 57° E,Governor Generoso (Davao Oriental)
2026-01-02T22:27:00.000Z,02 January 2026 - 10:27 PM,09.65,126.18,033,1.6,015km S 09° E of General Luna (Surigao Del Norte),015,S 09° E,General Luna (Surigao Del Norte)
2026-01-02T22:22:00.000Z,02 January 2026 - 10:22 PM,09.77,126.31,010,3.9,016km S 85° E of General Luna (Surigao Del Norte),016,S 85° E,General Luna (Surigao Del Norte)
2026-01-02T22:05:00.000Z,02 January 2026 - 10:05 PM,10.77,123.82,001,1.6,005km N 01° W of Tuburan (Cebu),005,N 01° W,Tuburan (Cebu)
2026-01-02T21:56:00.000Z,02 January 2026 - 09:56 PM,14.19,123.15,003,2.2,018km N 59° E of Mercedes (Camarines Norte),018,N 59° E,Mercedes (Camarines Norte)
2026-01-02T21:51:00.000Z,02 January 2026 - 09:51 PM,08.64,123.32,021,2.4,007km N 26° W of City Of Dipolog (Zamboanga Del Norte),007,N 26° W,City Of Dipolog (Zamboanga Del Norte)
2026-01-02T21:44:00.000Z,02 January 2026 - 09:44 PM,09.64,126.13,028,1.2,016km S 09° W of General Luna (Surigao Del Norte),016,S 09° W,General Luna (Surigao Del Norte)
2026-01-02T21:40:00.000Z,02 January 2026 - 09:40 PM,09.76,126.28,033,2.9,013km S 80° E of General Luna (Surigao Del Norte),013,S 80° E,General Luna (Surigao Del Norte)
2026-01-02T21:25:00.000Z,02 January 2026 - 09:25 PM,07.88,127.03,010,2.5,062km N 57° E of Baganga (Davao Oriental),062,N 57° E,Baganga (Davao Oriental)
2026-01-02T21:09:00.000Z,02 January 2026 - 09:09 PM,16.87,120.63,011,1.6,011km S 78° E of Alilem (Ilocos Sur),011,S 78° E,Alilem (Ilocos Sur)
2026-01-02T20:29:00.000Z,02 January 2026 - 08:29 PM,11.23,125.53,020,1.7,002km S 09° W of General Macarthur (Eastern Samar),002,S 09° W,General Macarthur (Eastern Samar)
2026-01-02T20:07:00.000Z,02 January 2026 - 08:07 PM,16.29,120.99,034,1.5,005km West of Aritao (Nueva Vizcaya),005,West of Aritao,Vizcaya)
2026-01-02T19:48:00.000Z,02 January 2026 - 07:48 PM,07.11,126.92,003,2.8,043km S 75° E of Manay (Davao Oriental),043,S 75° E,Manay (Davao Oriental)
2026-01-02T19:30:00.000Z,02 January 2026 - 07:30 PM,05.71,126.20,068,2.7,065km S 70° E of Jose Abad Santos (Davao Occidental),065,S 70° E,Jose Abad Santos (Davao Occidental)
2026-01-02T18:10:00.000Z,02 January 2026 - 06:10 PM,05.17,126.22,049,3.0,090km S 68° E of Sarangani Island (Municipality Of Sarangani) (Davao Occidental),090,S 68° E,Sarangani Island (Municipality Of Sarangani) (Davao Occidental)
2026-01-02T13:36:00.000Z,02 January 2026 - 01:36 PM,05.58,125.19,002,2.0,027km S 03° W of Glan (Sarangani),027,S 03° W,Glan (Sarangani)
2026-01-02T13:16:00.000Z,02 January 2026 - 01:16 PM,13.54,120.68,100,2.4,012km N 27° W of Abra De Ilog (Occidental Mindoro),012,N 27° W,Abra De Ilog (Occidental Mindoro)
2026-01-02T13:02:00.000Z,02 January 2026 - 01:02 PM,07.97,126.55,089,1.8,017km S 65° E of Lingig (Surigao Del Sur),017,S 65° E,Lingig (Surigao Del Sur)
2026-01-02T11:17:00.000Z,02 January 2026 - 11:17 AM,15.52,119.84,029,1.4,012km N 39° W of Palauig (Zambales),012,N 39° W,Palauig (Zambales)
2026-01-02T09:53:00.000Z,02 January 2026 - 09:53 AM,09.23,123.30,008,1.5,002km S 06° E of Bacong (Negros Oriental),002,S 06° E,Bacong (Negros Oriental)
2026-01-02T09:11:00.000Z,02 January 2026 - 09:11 AM,09.65,126.00,031,2.0,005km N 46° E of Socorro (Surigao Del Norte),005,N 46° E,Socorro (Surigao Del Norte)
2026-01-02T08:50:00.000Z,02 January 2026 - 08:50 AM,08.52,126.22,006,2.2,010km N 48° E of Tagbina (Surigao Del Sur),010,N 48° E,Tagbina (Surigao Del Sur)
2026-01-02T08:27:00.000Z,02 January 2026 - 08:27 AM,06.60,126.19,046,2.3,014km S 63° E of Governor Generoso (Davao Oriental),014,S 63° E,Governor Generoso (Davao Oriental)
2026-01-02T08:02:00.000Z,02 January 2026 - 08:02 AM,11.14,124.03,017,2.6,012km N 30° E of City Of Bogo (Cebu),012,N 30° E,City Of Bogo (Cebu)
2026-01-02T07:50:00.000Z,02 January 2026 - 07:50 AM,11.03,124.04,003,2.8,006km S 74° E of City Of Bogo (Cebu),006,S 74° E,City Of Bogo (Cebu)
2026-01-01T20:35:00.000Z,01 January 2026 - 08:35 PM,07.49,124.25,025,1.6,002km N 24° W of Matanog (Maguindanao Del Norte),002,N 24° W,Matanog (Maguindanao Del Norte)
2026-01-02T06:19:00.000Z,02 January 2026 - 06:19 AM,09.74,126.25,010,3.5,011km S 65° E of General Luna (Surigao Del Norte),011,S 65° E,General Luna (Surigao Del Norte)
2026-01-02T05:30:00.000Z,02 January 2026 - 05:30 AM,07.64,123.82,033,2.0,016km S 79° W of Picong (Lanao Del Sur),016,S 79° W,Picong (Lanao Del Sur)
2026-01-02T04:49:00.000Z,02 January 2026 - 04:49 AM,07.24,126.66,019,2.8,013km N 75° E of Manay (Davao Oriental),013,N 75° E,Manay (Davao Oriental)
2026-01-02T04:29:00.000Z,02 January 2026 - 04:29 AM,11.17,124.12,003,2.2,020km N 47° E of City Of Bogo (Cebu),020,N 47° E,City Of Bogo (Cebu)
2026-01-02T04:05:00.000Z,02 January 2026 - 04:05 AM,16.05,121.94,013,2.6,010km S 14° W of Dinalungan (Aurora),010,S 14° W,Dinalungan (Aurora)
2026-01-02T03:57:00.000Z,02 January 2026 - 03:57 AM,11.29,124.32,007,3.4,006km S 66° W of Tabango (Leyte),006,S 66° W,Tabango (Leyte)
2026-01-02T03:54:00.000Z,02 January 2026 - 03:54 AM,16.05,122.00,018,2.1,011km S 26° E of Dinalungan (Aurora),011,S 26° E,Dinalungan (Aurora)
2026-01-02T03:52:00.000Z,02 January 2026 - 03:52 AM,05.45,127.73,036,2.8,226km S 54° E of Governor Generoso (Davao Oriental),226,S 54° E,Governor Generoso (Davao Oriental)
2026-01-02T03:35:00.000Z,02 January 2026 - 03:35 AM,02.63,127.23,164,4.3,367km S 33° E of Balut Island (Municipality Of Sarangani) (Davao Occidental),367,S 33° E,Balut Island (Municipality Of Sarangani) (Davao Occidental)
2026-01-02T03:26:00.000Z,02 January 2026 - 03:26 AM,08.50,125.85,064,2.1,010km N 50° E of Talacogon (Agusan Del Sur),010,N 50° E,Talacogon (Agusan Del Sur)
2026-01-02T03:10:00.000Z,02 January 2026 - 03:10 AM,13.18,119.95,022,2.0,062km S 65° W of Paluan (Occidental Mindoro),062,S 65° W,Paluan (Occidental Mindoro)
2026-01-02T03:08:00.000Z,02 January 2026 - 03:08 AM,05.93,126.22,144,2.8,063km N 88° E of Jose Abad Santos (Davao Occidental),063,N 88° E,Jose Abad Santos (Davao Occidental)
2026-01-02T02:53:00.000Z,02 January 2026 - 02:53 AM,06.71,125.11,021,3.8,007km S 48° W of Magsaysay (Davao Del Sur),007,S 48° W,Magsaysay (Davao Del Sur)
2026-01-02T01:38:00.000Z,02 January 2026 - 01:38 AM,13.24,120.70,035,3.0,012km N 80° E of Mamburao (Occidental Mindoro),012,N 80° E,Mamburao (Occidental Mindoro)
2026-01-02T01:35:00.000Z,02 January 2026 - 01:35 AM,08.07,125.23,063,2.2,007km S 83° W of Cabanglasan (Bukidnon),007,S 83° W,Cabanglasan (Bukidnon)
2026-01-02T01:31:00.000Z,02 January 2026 - 01:31 AM,08.84,126.37,023,2.4,012km S 41° E of Cagwait (Surigao Del Sur),012,S 41° E,Cagwait (Surigao Del Sur)
2026-01-02T01:28:00.000Z,02 January 2026 - 01:28 AM,13.76,120.40,047,1.5,017km N 74° E of Looc (Occidental Mindoro),017,N 74° E,Looc (Occidental Mindoro)
2026-01-02T01:26:00.000Z,02 January 2026 - 01:26 AM,07.23,126.92,015,2.6,042km N 87° E of Manay (Davao Oriental),042,N 87° E,Manay (Davao Oriental)
2026-01-02T01:18:00.000Z,02 January 2026 - 01:18 AM,12.76,121.40,025,2.0,009km N 83° W of Bongabong (Oriental Mindoro),009,N 83° W,Bongabong (Oriental Mindoro)
2026-01-02T01:16:00.000Z,02 January 2026 - 01:16 AM,11.14,123.76,027,2.3,004km S 56° W of Santa Fe (Cebu),004,S 56° W,Santa Fe (Cebu)
2026-01-02T00:59:00.000Z,02 January 2026 - 12:59 AM,06.72,126.06,039,2.3,008km N 10° W of Governor Generoso (Davao Oriental),008,N 10° W,Governor Generoso (Davao Oriental)
2026-01-02T00:40:00.000Z,02 January 2026 - 12:40 AM,15.46,119.77,043,2.0,015km N 78° W of Palauig (Zambales),015,N 78° W,Palauig (Zambales)
2026-01-02T00:26:00.000Z,02 January 2026 - 12:26 AM,06.96,121.98,029,1.5,028km N 01° E of City Of Isabela (Basilan),028,N 01° E,City Of Isabela (Basilan)
2026-01-02T00:16:00.000Z,02 January 2026 - 12:16 AM,06.47,127.07,175,3.2,101km S 36° E of Manay (Davao Oriental),101,S 36° E,Manay (Davao Oriental)
2026-01-02T00:12:00.000Z,02 January 2026 - 12:12 AM,13.47,120.75,033,1.6,004km N 33° E of Abra De Ilog (Occidental Mindoro),004,N 33° E,Abra De Ilog (Occidental Mindoro)
2026-01-02T00:01:00.000Z,02 January 2026 - 12:01 AM,18.01,121.27,010,3.1,009km S 77° E of Kabugao (Apayao),009,S 77° E,Kabugao (Apayao)
2026-01-01T21:47:00.000Z,01 January 2026 - 09:47 PM,13.57,120.37,002,1.7,020km N 32° W of Paluan (Occidental Mindoro),020,N 32° W,Paluan (Occidental Mindoro)
2026-01-01T20:56:00.000Z,01 January 2026 - 08:56 PM,19.97,121.60,001,2.9,049km S 36° W of Sabtang (Batanes),049,S 36° W,Sabtang (Batanes)
2026-01-01T18:46:00.000Z,01 January 2026 - 06:46 PM,07.60,126.83,021,5.1,029km N 84° E of Baganga (Davao Oriental),029,N 84° E,Baganga (Davao Oriental)
2026-01-01T17:27:00.000Z,01 January 2026 - 05:27 PM,11.41,125.37,023,1.5,017km S 65° W of Balangkayan (Eastern Samar),017,S 65° W,Balangkayan (Eastern Samar)
2026-01-01T15:24:00.000Z,01 January 2026 - 03:24 PM,14.93,122.92,033,2.5,051km N 04° W of Tinaga Island (Vinzons) (Camarines Norte),051,N 04° W,Tinaga Island (Vinzons) (Camarines Norte)
2026-01-01T15:13:00.000Z,01 January 2026 - 03:13 PM,09.65,126.18,031,1.5,015km S 09° E of General Luna (Surigao Del Norte),015,S 09° E,General Luna (Surigao Del Norte)
2026-01-01T13:57:00.000Z,01 January 2026 - 01:57 PM,10.73,123.04,001,1.7,008km S 71° E of City Of Talisay (Negros Occidental),008,S 71° E,City Of Talisay (Negros Occidental)
2026-01-01T13:30:00.000Z,01 January 2026 - 01:30 PM,09.08,126.78,016,3.0,057km N 77° E of Bayabas (Surigao Del Sur),057,N 77° E,Bayabas (Surigao Del Sur)
2026-01-01T13:21:00.000Z,01 January 2026 - 01:21 PM,12.26,124.51,032,1.5,013km S 71° W of Lope De Vega (Northern Samar),013,S 71° W,Lope De Vega (Northern Samar)
2026-01-01T13:07:00.000Z,01 January 2026 - 01:07 PM,14.06,120.47,119,1.7,017km S 85° W of Nasugbu (Batangas),017,S 85° W,Nasugbu (Batangas)
2026-01-01T11:29:00.000Z,01 January 2026 - 11:29 AM,12.34,123.62,035,1.4,003km S 04° E of City Of Masbate (Masbate),003,S 04° E,City Of Masbate (Masbate)
2026-01-01T10:56:00.000Z,01 January 2026 - 10:56 AM,04.98,127.51,134,5.1,231km S 63° E of Jose Abad Santos (Davao Occidental),231,S 63° E,Jose Abad Santos (Davao Occidental)
2025-12-31T12:21:00.000Z,31 December 2025 - 12:21 PM,13.08,125.29,040,2.0,061km N 18° E of Palapag (Northern Samar),061,N 18° E,Palapag (Northern Samar)
2026-01-01T09:05:00.000Z,01 January 2026 - 09:05 AM,07.61,126.67,016,1.4,013km N 72° E of Baganga (Davao Oriental),013,N 72° E,Baganga (Davao Oriental)
2026-01-01T08:53:00.000Z,01 January 2026 - 08:53 AM,07.70,127.40,011,2.9,094km N 81° E of Baganga (Davao Oriental),094,N 81° E,Baganga (Davao Oriental)
2026-01-01T08:31:00.000Z,01 January 2026 - 08:31 AM,09.66,126.14,031,2.4,014km S 10° W of General Luna (Surigao Del Norte),014,S 10° W,General Luna (Surigao Del Norte)
2026-01-01T07:58:00.000Z,01 January 2026 - 07:58 AM,05.15,126.05,145,2.2,073km S 61° E of Sarangani Island (Municipality Of Sarangani) (Davao Occidental),073,S 61° E,Sarangani Island (Municipality Of Sarangani) (Davao Occidental)
2026-01-01T06:56:00.000Z,01 January 2026 - 06:56 AM,13.41,120.56,018,1.4,011km S 88° E of Paluan (Occidental Mindoro),011,S 88° E,Paluan (Occidental Mindoro)
2026-01-01T06:49:00.000Z,01 January 2026 - 06:49 AM,13.53,120.86,006,1.8,011km N 75° W of Puerto Galera (Oriental Mindoro),011,N 75° W,Puerto Galera (Oriental Mindoro)
2026-01-01T06:38:00.000Z,01 January 2026 - 06:38 AM,08.07,123.11,033,1.7,021km S 02° W of Siayan (Zamboanga Del Norte),021,S 02° W,Siayan (Zamboanga Del Norte)
2026-01-01T06:27:00.000Z,01 January 2026 - 06:27 AM,09.59,126.19,010,2.7,022km S 10° E of General Luna (Surigao Del Norte),022,S 10° E,General Luna (Surigao Del Norte)
2026-01-01T06:15:00.000Z,01 January 2026 - 06:15 AM,17.05,120.32,015,3.2,014km S 75° W of Santa Cruz (Ilocos Sur),014,S 75° W,Santa Cruz (Ilocos Sur)
2026-01-01T06:11:00.000Z,01 January 2026 - 06:11 AM,11.27,125.67,009,2.3,010km S 38° E of Hernani (Eastern Samar),010,S 38° E,Hernani (Eastern Samar)
2026-01-01T05:39:00.000Z,01 January 2026 - 05:39 AM,09.74,124.54,023,1.7,004km S 78° W of Anda (Bohol),004,S 78° W,Anda (Bohol)
2026-01-01T05:16:00.000Z,01 January 2026 - 05:16 AM,09.70,126.18,012,2.6,010km S 18° E of General Luna (Surigao Del Norte),010,S 18° E,General Luna (Surigao Del Norte)
2026-01-01T05:05:00.000Z,01 January 2026 - 05:05 AM,10.24,126.61,019,3.3,063km N 68° E of Burgos (Surigao Del Norte),063,N 68° E,Burgos (Surigao Del Norte)
2026-01-01T04:50:00.000Z,01 January 2026 - 04:50 AM,17.22,122.45,069,2.9,018km N 09° E of Palanan (Isabela),018,N 09° E,Palanan (Isabela)
2026-01-01T04:31:00.000Z,01 January 2026 - 04:31 AM,17.37,120.37,011,2.3,009km N 60° W of San Esteban (Ilocos Sur),009,N 60° W,San Esteban (Ilocos Sur)
2026-01-01T03:56:00.000Z,01 January 2026 - 03:56 AM,06.94,124.42,040,1.5,001km N 09° E of Datu Saudi Ampatuan (Maguindanao Del Sur),001,N 09° E,Datu Saudi Ampatuan (Maguindanao Del Sur)
2026-01-01T03:30:00.000Z,01 January 2026 - 03:30 AM,14.04,120.52,110,1.5,012km S 74° W of Nasugbu (Batangas),012,S 74° W,Nasugbu (Batangas)
2026-01-01T03:23:00.000Z,01 January 2026 - 03:23 AM,10.87,123.99,002,2.4,019km S 03° E of City Of Bogo (Cebu),019,S 03° E,City Of Bogo (Cebu)
2026-01-01T02:17:00.000Z,01 January 2026 - 02:17 AM,18.84,121.15,036,2.6,023km S 86° W of Fuga Island (Aparri) (Cagayan),023,S 86° W,Fuga Island (Aparri) (Cagayan)
2026-01-01T02:13:00.000Z,01 January 2026 - 02:13 AM,08.24,125.99,011,2.3,006km N 05° W of Bunawan (Agusan Del Sur),006,N 05° W,Bunawan (Agusan Del Sur)
2026-01-01T02:05:00.000Z,01 January 2026 - 02:05 AM,06.67,125.98,037,2.2,010km N 77° W of Governor Generoso (Davao Oriental),010,N 77° W,Governor Generoso (Davao Oriental)
2026-01-01T02:05:00.000Z,01 January 2026 - 02:05 AM,07.95,124.80,033,1.5,014km N 12° W of Pangantucan (Bukidnon),014,N 12° W,Pangantucan (Bukidnon)
2026-01-01T02:00:00.000Z,01 January 2026 - 02:00 AM,09.13,126.40,021,2.4,022km N 34° E of Bayabas (Surigao Del Sur),022,N 34° E,Bayabas (Surigao Del Sur)
2026-01-01T01:30:00.000Z,01 January 2026 - 01:30 AM,07.30,126.93,010,4.5,044km N 77° E of Manay (Davao Oriental),044,N 77° E,Manay (Davao Oriental)
2026-01-01T01:05:00.000Z,01 January 2026 - 01:05 AM,05.98,126.95,014,3.3,123km S 52° E of Governor Generoso (Davao Oriental),123,S 52° E,Governor Generoso (Davao Oriental)
2026-01-01T01:00:00.000Z,01 January 2026 - 01:00 AM,09.70,126.06,021,3.0,014km S 47° W of General Luna (Surigao Del Norte),014,S 47° W,General Luna (Surigao Del Norte)
2026-01-01T00:56:00.000Z,01 January 2026 - 12:56 AM,09.69,126.22,010,4.1,012km S 34° E of General Luna (Surigao Del Norte),012,S 34° E,General Luna (Surigao Del Norte)
2025-12-31T23:49:00.000Z,31 December 2025 - 11:49 PM,10.93,123.94,004,2.2,013km S 20° W of City Of Bogo (Cebu),013,S 20° W,City Of Bogo (Cebu)
2025-12-31T22:37:00.000Z,31 December 2025 - 10:37 PM,08.25,126.70,029,2.0,039km N 53° E of Lingig (Surigao Del Sur),039,N 53° E,Lingig (Surigao Del Sur)
2025-12-31T22:25:00.000Z,31 December 2025 - 10:25 PM,14.67,120.01,033,1.5,027km S 89° W of Morong (Bataan),027,S 89° W,Morong (Bataan)
2025-12-31T21:43:00.000Z,31 December 2025 - 09:43 PM,11.13,124.16,003,2.1,022km N 65° E of City Of Bogo (Cebu),022,N 65° E,City Of Bogo (Cebu)
2025-12-31T20:52:00.000Z,31 December 2025 - 08:52 PM,08.66,126.09,003,2.0,003km N 04° W of Lianga (Surigao Del Sur),003,N 04° W,Lianga (Surigao Del Sur)
2025-12-31T20:30:00.000Z,31 December 2025 - 08:30 PM,08.72,126.37,034,1.6,012km S 40° E of Marihatag (Surigao Del Sur),012,S 40° E,Marihatag (Surigao Del Sur)
2025-12-31T20:18:00.000Z,31 December 2025 - 08:18 PM,02.63,127.38,093,4.0,376km S 35° E of Balut Island (Municipality Of Sarangani) (Davao Occidental),376,S 35° E,Balut Island (Municipality Of Sarangani) (Davao Occidental)
2025-12-31T20:16:00.000Z,31 December 2025 - 08:16 PM,10.89,123.80,010,2.3,026km S 48° W of City Of Bogo (Cebu),026,S 48° W,City Of Bogo (Cebu)
2025-12-31T20:16:00.000Z,31 December 2025 - 08:16 PM,06.05,124.57,022,2.5,008km S 82° E of Maitum (Sarangani),008,S 82° E,Maitum (Sarangani)
2025-12-31T20:11:00.000Z,31 December 2025 - 08:11 PM,12.80,123.42,006,2.2,022km S 61° E of Claveria (Masbate),022,S 61° E,Claveria (Masbate)
2025-12-31T19:57:00.000Z,31 December 2025 - 07:57 PM,09.71,126.31,004,1.7,019km S 66° E of General Luna (Surigao Del Norte),019,S 66° E,General Luna (Surigao Del Norte)
2025-12-31T19:04:00.000Z,31 December 2025 - 07:04 PM,08.10,126.70,017,3.7,032km N 77° E of Lingig (Surigao Del Sur),032,N 77° E,Lingig (Surigao Del Sur)
2025-12-31T18:59:00.000Z,31 December 2025 - 06:59 PM,08.83,126.47,031,1.7,020km N 78° E of Marihatag (Surigao Del Sur),020,N 78° E,Marihatag (Surigao Del Sur)
2025-12-31T18:57:00.000Z,31 December 2025 - 06:57 PM,16.88,120.04,010,3.3,036km N 85° W of Luna (La Union),036,N 85° W,Luna (La Union)
2025-12-31T18:44:00.000Z,31 December 2025 - 06:44 PM,18.77,121.83,001,2.0,015km S 15° W of Camiguin Island (Calayan) (Cagayan),015,S 15° W,Camiguin Island (Calayan) (Cagayan)
2025-12-30T23:22:00.000Z,30 December 2025 - 11:22 PM,13.96,120.53,081,1.4,016km S 58° W of Lian (Batangas),016,S 58° W,Lian (Batangas)
2025-12-31T17:23:00.000Z,31 December 2025 - 05:23 PM,10.96,124.07,033,1.6,014km S 48° E of City Of Bogo (Cebu),014,S 48° E,City Of Bogo (Cebu)
2025-12-31T16:34:00.000Z,31 December 2025 - 04:34 PM,07.82,126.37,030,1.4,006km S 11° W of Boston (Davao Oriental),006,S 11° W,Boston (Davao Oriental)
2025-12-31T16:30:00.000Z,31 December 2025 - 04:30 PM,15.41,121.87,018,1.5,051km S 40° E of Baler (Aurora),051,S 40° E,Baler (Aurora)
2025-12-31T15:23:00.000Z,31 December 2025 - 03:23 PM,10.82,122.51,032,1.5,006km N 33° W of Pavia (Iloilo),006,N 33° W,Pavia (Iloilo)
2025-12-31T15:03:00.000Z,31 December 2025 - 03:03 PM,15.08,119.92,003,2.2,017km S 61° W of Cabangan (Zambales),017,S 61° W,Cabangan (Zambales)
2025-12-31T14:55:00.000Z,31 December 2025 - 02:55 PM,13.68,124.98,034,2.1,065km S 80° E of Gigmoto (Catanduanes),065,S 80° E,Gigmoto (Catanduanes)
2025-12-31T13:18:00.000Z,31 December 2025 - 01:18 PM,11.14,124.53,034,1.5,006km S 33° W of Kananga (Leyte),006,S 33° W,Kananga (Leyte)
2025-12-31T13:00:00.000Z,31 December 2025 - 01:00 PM,09.64,126.18,034,1.4,015km S 10° E of General Luna (Surigao Del Norte),015,S 10° E,General Luna (Surigao Del Norte)
2025-12-31T12:32:00.000Z,31 December 2025 - 12:32 PM,10.91,124.08,029,2.0,019km S 35° E of City Of Bogo (Cebu),019,S 35° E,City Of Bogo (Cebu)
2025-12-31T12:22:00.000Z,31 December 2025 - 12:22 PM,10.90,124.12,029,1.5,023km S 44° E of City Of Bogo (Cebu),023,S 44° E,City Of Bogo (Cebu)
2025-12-31T11:38:00.000Z,31 December 2025 - 11:38 AM,11.12,124.07,033,1.5,012km N 51° E of City Of Bogo (Cebu),012,N 51° E,City Of Bogo (Cebu)
2025-12-31T11:36:00.000Z,31 December 2025 - 11:36 AM,15.26,120.22,070,1.6,021km N 58° E of Cabangan (Zambales),021,N 58° E,Cabangan (Zambales)
2025-12-31T11:13:00.000Z,31 December 2025 - 11:13 AM,10.89,125.38,103,1.7,025km S 03° W of Balangiga (Eastern Samar),025,S 03° W,Balangiga (Eastern Samar)
2025-12-31T08:28:00.000Z,31 December 2025 - 08:28 AM,10.88,123.81,004,4.0,025km S 45° W of City Of Bogo (Cebu),025,S 45° W,City Of Bogo (Cebu)
2025-12-31T08:27:00.000Z,31 December 2025 - 08:27 AM,10.91,123.79,002,2.3,026km S 55° W of City Of Bogo (Cebu),026,S 55° W,City Of Bogo (Cebu)
2025-12-31T07:41:00.000Z,31 December 2025 - 07:41 AM,08.10,126.88,002,2.3,052km N 83° E of Lingig (Surigao Del Sur),052,N 83° E,Lingig (Surigao Del Sur)
2025-12-31T06:10:00.000Z,31 December 2025 - 06:10 AM,13.78,124.37,018,2.1,003km West of Gigmoto (Catanduanes),003,West of Gigmoto,
2025-12-31T05:51:00.000Z,31 December 2025 - 05:51 AM,11.01,123.93,024,2.2,006km S 52° W of City Of Bogo (Cebu),006,S 52° W,City Of Bogo (Cebu)
2025-12-31T05:32:00.000Z,31 December 2025 - 05:32 AM,09.69,126.05,025,1.6,015km S 47° W of General Luna (Surigao Del Norte),015,S 47° W,General Luna (Surigao Del Norte)
2025-12-31T04:00:00.000Z,31 December 2025 - 04:00 AM,07.88,122.51,035,1.4,014km N 38° W of Ipil (Zamboanga Sibugay),014,N 38° W,Ipil (Zamboanga Sibugay)
2025-12-31T03:47:00.000Z,31 December 2025 - 03:47 AM,10.90,123.98,004,2.8,016km S 02° W of City Of Bogo (Cebu),016,S 02° W,City Of Bogo (Cebu)
2025-12-31T03:11:00.000Z,31 December 2025 - 03:11 AM,10.83,125.34,011,2.0,031km S 09° W of Balangiga (Eastern Samar),031,S 09° W,Balangiga (Eastern Samar)
2025-12-31T03:04:00.000Z,31 December 2025 - 03:04 AM,13.13,124.27,032,1.7,013km N 39° E of Prieto Diaz (Sorsogon),013,N 39° E,Prieto Diaz (Sorsogon)
2025-12-31T02:07:00.000Z,31 December 2025 - 02:07 AM,09.66,126.12,032,1.7,014km S 17° W of General Luna (Surigao Del Norte),014,S 17° W,General Luna (Surigao Del Norte)
2025-12-31T01:37:00.000Z,31 December 2025 - 01:37 AM,05.90,126.93,015,2.6,126km S 49° E of Governor Generoso (Davao Oriental),126,S 49° E,Governor Generoso (Davao Oriental)
2025-12-31T01:18:00.000Z,31 December 2025 - 01:18 AM,08.38,127.38,033,2.6,113km N 70° E of Lingig (Surigao Del Sur),113,N 70° E,Lingig (Surigao Del Sur)
2025-12-31T00:45:00.000Z,31 December 2025 - 12:45 AM,05.98,127.16,038,4.0,141km S 58° E of Governor Generoso (Davao Oriental),141,S 58° E,Governor Generoso (Davao Oriental)
2025-12-31T00:57:00.000Z,31 December 2025 - 12:57 AM,09.40,126.76,006,2.5,064km N 78° E of Cortes (Surigao Del Sur),064,N 78° E,Cortes (Surigao Del Sur)
2025-12-31T00:54:00.000Z,31 December 2025 - 12:54 AM,09.82,126.25,024,1.4,011km N 66° E of General Luna (Surigao Del Norte),011,N 66° E,General Luna (Surigao Del Norte)
2025-12-31T00:44:00.000Z,31 December 2025 - 12:44 AM,05.91,127.28,074,4.3,156km S 36° E of Tarragona (Davao Oriental),156,S 36° E,Tarragona (Davao Oriental)
2025-12-31T00:19:00.000Z,31 December 2025 - 12:19 AM,16.95,120.27,026,2.0,016km N 50° W of Luna (La Union),016,N 50° W,Luna (La Union)
2025-12-31T00:05:00.000Z,31 December 2025 - 12:05 AM,11.37,120.72,034,1.3,034km N 45° W of Agutaya (Palawan),034,N 45° W,Agutaya (Palawan)
2025-12-30T23:54:00.000Z,30 December 2025 - 11:54 PM,16.09,119.47,013,3.0,035km S 86° W of Agno (Pangasinan),035,S 86° W,Agno (Pangasinan)
2025-12-30T23:52:00.000Z,30 December 2025 - 11:52 PM,07.09,127.08,004,3.3,062km S 77° E of Manay (Davao Oriental),062,S 77° E,Manay (Davao Oriental)
2025-12-30T23:29:00.000Z,30 December 2025 - 11:29 PM,15.38,120.12,023,1.6,014km N 44° E of Iba (Zambales),014,N 44° E,Iba (Zambales)
2025-12-30T23:23:00.000Z,30 December 2025 - 11:23 PM,13.92,120.56,075,1.3,013km N 39° W of Calatagan (Batangas),013,N 39° W,Calatagan (Batangas)
2025-12-30T21:55:00.000Z,30 December 2025 - 09:55 PM,10.66,125.27,008,1.8,019km N 38° E of Silago (Southern Leyte),019,N 38° E,Silago (Southern Leyte)
2025-12-30T21:46:00.000Z,30 December 2025 - 09:46 PM,09.69,126.20,014,1.8,012km S 24° E of General Luna (Surigao Del Norte),012,S 24° E,General Luna (Surigao Del Norte)
2025-12-30T21:40:00.000Z,30 December 2025 - 09:40 PM,10.83,125.36,010,4.0,031km S 5° W of Balangiga (Eastern Samar),031,S 5° W,Balangiga (Eastern Samar)
2025-12-30T21:22:00.000Z,30 December 2025 - 09:22 PM,09.23,125.95,089,1.8,004km S 27° W of Madrid (Surigao Del Sur),004,S 27° W,Madrid (Surigao Del Sur)
2025-12-30T21:01:00.000Z,30 December 2025 - 09:01 PM,12.01,122.37,002,3.0,031km N 47° E of Ibajay (Aklan),031,N 47° E,Ibajay (Aklan)
2025-12-30T20:39:00.000Z,30 December 2025 - 08:39 PM,07.18,126.95,007,2.4,046km S 86° E of Manay (Davao Oriental),046,S 86° E,Manay (Davao Oriental)
2025-12-30T19:10:00.000Z,30 December 2025 - 07:10 PM,11.96,122.29,010,4.2,020km N 9° E of Tangalan (Aklan),020,N 9° E,Tangalan (Aklan)
2025-12-30T19:02:00.000Z,30 December 2025 - 07:02 PM,09.69,126.24,028,1.4,014km S 40° E of General Luna (Surigao Del Norte),014,S 40° E,General Luna (Surigao Del Norte)
2025-12-30T17:58:00.000Z,30 December 2025 - 05:58 PM,17.84,120.54,031,2.2,010km S 73° E of Sinait (Ilocos Sur),010,S 73° E,Sinait (Ilocos Sur)
2025-12-30T16:49:00.000Z,30 December 2025 - 04:49 PM,10.00,126.10,032,2.3,003km S 42° E of Burgos (Surigao Del Norte),003,S 42° E,Burgos (Surigao Del Norte)
2025-12-30T15:27:00.000Z,30 December 2025 - 03:27 PM,06.40,126.75,014,3.6,079km S 25° E of Tarragona (Davao Oriental),079,S 25° E,Tarragona (Davao Oriental)
2025-12-30T15:26:00.000Z,30 December 2025 - 03:26 PM,13.23,124.01,035,1.5,014km N 72° W of Rapu-rapu (Albay),014,N 72° W,Rapu-rapu (Albay)
2025-12-30T15:23:00.000Z,30 December 2025 - 03:23 PM,10.64,124.20,028,1.6,020km S 89° W of San Francisco (Cebu),020,S 89° W,San Francisco (Cebu)
2025-12-30T15:22:00.000Z,30 December 2025 - 03:22 PM,13.11,124.26,032,2.6,011km N 39° E of Prieto Diaz (Sorsogon),011,N 39° E,Prieto Diaz (Sorsogon)
2025-12-30T14:00:00.000Z,30 December 2025 - 02:00 PM,14.14,120.48,118,1.1,018km N 65° W of Nasugbu (Batangas),018,N 65° W,Nasugbu (Batangas)
2025-12-30T13:15:00.000Z,30 December 2025 - 01:15 PM,09.06,126.71,019,2.2,047km N 71° E of Cagwait (Surigao Del Sur),047,N 71° E,Cagwait (Surigao Del Sur)
2025-12-30T13:04:00.000Z,30 December 2025 - 01:04 PM,09.02,126.49,025,1.8,024km N 75° E of Bayabas (Surigao Del Sur),024,N 75° E,Bayabas (Surigao Del Sur)
2025-12-30T12:08:00.000Z,30 December 2025 - 12:08 PM,07.02,126.76,020,2.6,033km S 49° E of Manay (Davao Oriental),033,S 49° E,Manay (Davao Oriental)
2025-12-30T12:04:00.000Z,30 December 2025 - 12:04 PM,10.90,123.95,002,1.8,017km S 11° W of City Of Bogo (Cebu),017,S 11° W,City Of Bogo (Cebu)
2025-12-30T11:37:00.000Z,30 December 2025 - 11:37 AM,13.55,120.65,064,1.3,015km N 35° W of Abra De Ilog (Occidental Mindoro),015,N 35° W,Abra De Ilog (Occidental Mindoro)
2025-12-30T10:25:00.000Z,30 December 2025 - 10:25 AM,09.68,126.17,034,3.0,011km S 06° E of General Luna (Surigao Del Norte),011,S 06° E,General Luna (Surigao Del Norte)
2025-12-30T10:03:00.000Z,30 December 2025 - 10:03 AM,12.91,123.18,034,1.6,007km N 81° W of Claveria (Masbate),007,N 81° W,Claveria (Masbate)
2025-12-30T09:53:00.000Z,30 December 2025 - 09:53 AM,12.78,123.10,010,4.1,020km S 50° W of Claveria (Masbate),020,S 50° W,Claveria (Masbate)
2025-12-30T09:13:00.000Z,30 December 2025 - 09:13 AM,09.79,125.50,023,1.7,000km N 45° E of City Of Surigao (Surigao Del Norte),000,N 45° E,City Of Surigao (Surigao Del Norte)
2025-12-30T08:02:00.000Z,30 December 2025 - 08:02 AM,07.43,127.21,025,2.6,072km N 81° E of Caraga (Davao Oriental),072,N 81° E,Caraga (Davao Oriental)
2025-12-30T07:50:00.000Z,30 December 2025 - 07:50 AM,09.65,126.34,021,1.9,025km S 54° E of General Luna (Surigao Del Norte),025,S 54° E,General Luna (Surigao Del Norte)
2025-12-30T07:38:00.000Z,30 December 2025 - 07:38 AM,16.42,120.88,033,1.5,007km N 01° W of Kayapa (Nueva Vizcaya),007,N 01° W,Kayapa (Nueva Vizcaya)
2025-12-30T06:31:00.000Z,30 December 2025 - 06:31 AM,05.73,125.27,012,2.5,013km S 38° E of Glan (Sarangani),013,S 38° E,Glan (Sarangani)
2025-12-30T06:12:00.000Z,30 December 2025 - 06:12 AM,14.94,122.63,016,1.7,042km N 50° E of Jomalig (Quezon),042,N 50° E,Jomalig (Quezon)
2025-12-30T06:04:00.000Z,30 December 2025 - 06:04 AM,13.13,124.55,026,2.0,040km N 75° E of Prieto Diaz (Sorsogon),040,N 75° E,Prieto Diaz (Sorsogon)
2025-12-30T05:52:00.000Z,30 December 2025 - 05:52 AM,19.11,121.78,003,2.3,024km N 23° W of Camiguin Island (Calayan) (Cagayan),024,N 23° W,Camiguin Island (Calayan) (Cagayan)
2025-12-30T05:30:00.000Z,30 December 2025 - 05:30 AM,17.62,120.53,003,1.9,006km N 33° W of Langiden (Abra),006,N 33° W,Langiden (Abra)
2025-12-30T05:10:00.000Z,30 December 2025 - 05:10 AM,07.01,125.72,033,1.8,008km S 10° E of Island Garden City Of Samal (Davao Del Norte),008,S 10° E,Island Garden City Of Samal (Davao Del Norte)
2025-12-30T04:47:00.000Z,30 December 2025 - 04:47 AM,11.10,123.95,009,1.9,006km N 32° W of City Of Bogo (Cebu),006,N 32° W,City Of Bogo (Cebu)
2025-12-30T04:37:00.000Z,30 December 2025 - 04:37 AM,14.09,120.43,087,2.2,022km N 86° W of Nasugbu (Batangas),022,N 86° W,Nasugbu (Batangas)
2025-12-30T04:37:00.000Z,30 December 2025 - 04:37 AM,08.77,126.50,034,2.4,022km S 81° E of Marihatag (Surigao Del Sur),022,S 81° E,Marihatag (Surigao Del Sur)
2025-12-30T04:02:00.000Z,30 December 2025 - 04:02 AM,10.92,124.00,003,2.2,014km S 11° E of City Of Bogo (Cebu),014,S 11° E,City Of Bogo (Cebu)
2025-12-30T03:45:00.000Z,30 December 2025 - 03:45 AM,15.89,119.74,028,2.3,019km S 54° W of Dasol (Pangasinan),019,S 54° W,Dasol (Pangasinan)
2025-12-30T03:40:00.000Z,30 December 2025 - 03:40 AM,06.43,126.93,097,2.5,087km S 38° E of Tarragona (Davao Oriental),087,S 38° E,Tarragona (Davao Oriental)
2025-12-30T03:35:00.000Z,30 December 2025 - 03:35 AM,08.27,127.23,037,1.6,094km N 74° E of Lingig (Surigao Del Sur),094,N 74° E,Lingig (Surigao Del Sur)
2025-12-30T02:35:00.000Z,30 December 2025 - 02:35 AM,15.86,119.96,035,1.5,007km N 56° E of Infanta (Pangasinan),007,N 56° E,Infanta (Pangasinan)
2025-12-30T02:05:00.000Z,30 December 2025 - 02:05 AM,05.28,127.15,015,3.5,180km S 67° E of Jose Abad Santos (Davao Occidental),180,S 67° E,Jose Abad Santos (Davao Occidental)
2025-12-30T01:54:00.000Z,30 December 2025 - 01:54 AM,09.24,126.63,011,2.9,048km N 52° E of Bayabas (Surigao Del Sur),048,N 52° E,Bayabas (Surigao Del Sur)
2025-12-30T01:35:00.000Z,30 December 2025 - 01:35 AM,09.70,126.25,020,2.3,014km S 48° E of General Luna (Surigao Del Norte),014,S 48° E,General Luna (Surigao Del Norte)
2025-12-30T01:26:00.000Z,30 December 2025 - 01:26 AM,07.73,122.47,033,1.6,014km S 66° W of Ipil (Zamboanga Sibugay),014,S 66° W,Ipil (Zamboanga Sibugay)
2025-12-30T01:21:00.000Z,30 December 2025 - 01:21 AM,09.67,126.20,025,1.8,013km S 19° E of General Luna (Surigao Del Norte),013,S 19° E,General Luna (Surigao Del Norte)
2025-12-30T01:12:00.000Z,30 December 2025 - 01:12 AM,15.60,120.01,030,1.4,009km S 69° E of Candelaria (Zambales),009,S 69° E,Candelaria (Zambales)
2025-12-30T01:10:00.000Z,30 December 2025 - 01:10 AM,09.69,126.18,024,1.8,011km S 16° E of General Luna (Surigao Del Norte),011,S 16° E,General Luna (Surigao Del Norte)
2025-12-30T01:00:00.000Z,30 December 2025 - 01:00 AM,12.84,122.98,009,1.5,029km S 77° W of Claveria (Masbate),029,S 77° W,Claveria (Masbate)
2025-12-30T00:53:00.000Z,30 December 2025 - 12:53 AM,10.29,125.37,007,1.7,013km N 82° E of Anahawan (Southern Leyte),013,N 82° E,Anahawan (Southern Leyte)
2025-12-30T00:51:00.000Z,30 December 2025 - 12:51 AM,11.07,124.06,007,1.7,010km N 75° E of City Of Bogo (Cebu),010,N 75° E,City Of Bogo (Cebu)
2025-12-30T00:48:00.000Z,30 December 2025 - 12:48 AM,12.98,121.29,033,1.5,015km S 56° W of Socorro (Oriental Mindoro),015,S 56° W,Socorro (Oriental Mindoro)
2025-12-30T00:43:00.000Z,30 December 2025 - 12:43 AM,04.88,126.26,102,3.4,110km S 58° E of Balut Island (Municipality Of Sarangani) (Davao Occidental),110,S 58° E,Balut Island (Municipality Of Sarangani) (Davao Occidental)
2025-12-30T00:29:00.000Z,30 December 2025 - 12:29 AM,11.23,123.83,030,1.6,026km N 38° W of City Of Bogo (Cebu),026,N 38° W,City Of Bogo (Cebu)
2025-12-29T23:52:00.000Z,29 December 2025 - 11:52 PM,06.15,124.14,010,4.3,008km S 38° W of Palimbang (Sultan Kudarat),008,S 38° W,Palimbang (Sultan Kudarat)
2025-12-29T23:41:00.000Z,29 December 2025 - 11:41 PM,12.32,125.04,027,1.9,002km S 27° E of Las Navas (Northern Samar),002,S 27° E,Las Navas (Northern Samar)
2025-12-29T23:39:00.000Z,29 December 2025 - 11:39 PM,05.69,126.51,020,3.4,099km S 75° E of Jose Abad Santos (Davao Occidental),099,S 75° E,Jose Abad Santos (Davao Occidental)
2025-12-29T23:32:00.000Z,29 December 2025 - 11:32 PM,06.79,126.99,007,2.5,068km S 47° E of Manay (Davao Oriental),068,S 47° E,Manay (Davao Oriental)
2025-12-29T23:30:00.000Z,29 December 2025 - 11:30 PM,15.61,119.82,026,2.9,012km S 80° W of Candelaria (Zambales),012,S 80° W,Candelaria (Zambales)
2025-12-29T22:00:00.000Z,29 December 2025 - 10:00 PM,10.28,125.26,028,1.7,001km N 60° E of Anahawan (Southern Leyte),001,N 60° E,Anahawan (Southern Leyte)
2025-12-29T21:41:00.000Z,29 December 2025 - 09:41 PM,12.77,123.04,006,2.4,027km S 58° W of Claveria (Masbate),027,S 58° W,Claveria (Masbate)
2025-12-29T20:34:00.000Z,29 December 2025 - 08:34 PM,05.50,127.03,007,3.8,160km S 73° E of Jose Abad Santos (Davao Occidental),160,S 73° E,Jose Abad Santos (Davao Occidental)
2025-12-29T19:32:00.000Z,29 December 2025 - 07:32 PM,05.98,126.30,031,2.6,071km S 71° E of Don Marcelino (Davao Occidental),071,S 71° E,Don Marcelino (Davao Occidental)
2025-12-29T17:40:00.000Z,29 December 2025 - 05:40 PM,08.75,126.39,030,1.5,011km S 61° E of Marihatag (Surigao Del Sur),011,S 61° E,Marihatag (Surigao Del Sur)
2025-12-29T17:01:00.000Z,29 December 2025 - 05:01 PM,05.44,126.45,104,3.4,104km S 60° E of Jose Abad Santos (Davao Occidental),104,S 60° E,Jose Abad Santos (Davao Occidental)
2025-12-29T16:41:00.000Z,29 December 2025 - 04:41 PM,07.53,126.75,033,1.9,021km S 77° E of Baganga (Davao Oriental),021,S 77° E,Baganga (Davao Oriental)
2025-12-29T14:13:00.000Z,29 December 2025 - 02:13 PM,10.90,123.85,003,2.5,021km S 40° W of City Of Bogo (Cebu),021,S 40° W,City Of Bogo (Cebu)
2025-12-29T12:57:00.000Z,29 December 2025 - 12:57 PM,19.46,122.04,018,3.4,015km S 68° E of Babuyan Island (Calayan) (Cagayan),015,S 68° E,Babuyan Island (Calayan) (Cagayan)
2025-12-29T12:43:00.000Z,29 December 2025 - 12:43 PM,13.81,120.57,059,1.6,008km S 69° W of Calatagan (Batangas),008,S 69° W,Calatagan (Batangas)
2025-12-29T11:38:00.000Z,29 December 2025 - 11:38 AM,10.13,124.92,028,2.0,008km N 89° E of City Of Maasin  (Southern Leyte),008,N 89° E,City Of Maasin  (Southern Leyte)
2025-12-29T11:14:00.000Z,29 December 2025 - 11:14 AM,08.11,126.56,030,2.2,019km N 65° E of Lingig (Surigao Del Sur),019,N 65° E,Lingig (Surigao Del Sur)
2025-12-29T10:42:00.000Z,29 December 2025 - 10:42 AM,08.35,126.44,051,3.8,012km S 79° E of Hinatuan (Surigao Del Sur),012,S 79° E,Hinatuan (Surigao Del Sur)
2025-12-29T09:53:00.000Z,29 December 2025 - 09:53 AM,19.02,121.14,024,4.1,012km S 33° W of Dalupiri Island (Calayan) (Cagayan),012,S 33° W,Dalupiri Island (Calayan) (Cagayan)
2025-12-29T09:29:00.000Z,29 December 2025 - 09:29 AM,11.13,124.17,011,2.2,023km N 67° E of City Of Bogo (Cebu),023,N 67° E,City Of Bogo (Cebu)
2025-12-29T09:17:00.000Z,29 December 2025 - 09:17 AM,15.50,119.87,032,1.7,009km N 26° W of Palauig (Zambales),009,N 26° W,Palauig (Zambales)
2025-12-29T08:27:00.000Z,29 December 2025 - 08:27 AM,09.70,126.29,039,1.4,017km S 59° E of General Luna (Surigao Del Norte),017,S 59° E,General Luna (Surigao Del Norte)
2025-12-29T08:09:00.000Z,29 December 2025 - 08:09 AM,13.02,124.39,004,2.4,021km S 83° E of Prieto Diaz (Sorsogon),021,S 83° E,Prieto Diaz (Sorsogon)
2025-12-29T05:38:00.000Z,29 December 2025 - 05:38 AM,05.68,125.49,212,2.8,023km N 05° E of Sarangani Island (Municipality Of Sarangani) (Davao Occidental),023,N 05° E,Sarangani Island (Municipality Of Sarangani) (Davao Occidental)
2025-12-29T04:56:00.000Z,29 December 2025 - 04:56 AM,05.43,126.21,002,2.7,082km S 50° E of Jose Abad Santos (Davao Occidental),082,S 50° E,Jose Abad Santos (Davao Occidental)
2025-12-29T04:27:00.000Z,29 December 2025 - 04:27 AM,10.30,125.23,035,2.2,004km N 53° W of Anahawan (Southern Leyte),004,N 53° W,Anahawan (Southern Leyte)
2025-12-29T03:59:00.000Z,29 December 2025 - 03:59 AM,10.39,126.05,021,2.4,041km N 04° W of Burgos (Surigao Del Norte),041,N 04° W,Burgos (Surigao Del Norte)
2025-12-29T03:49:00.000Z,29 December 2025 - 03:49 AM,08.29,125.20,034,1.7,020km N 24° E of City Of  Malaybalay (Bukidnon),020,N 24° E,City Of  Malaybalay (Bukidnon)
2025-12-29T03:32:00.000Z,29 December 2025 - 03:32 AM,12.83,123.01,010,3.5,026km S 73° W of Claveria (Masbate),026,S 73° W,Claveria (Masbate)
2025-12-29T03:30:00.000Z,29 December 2025 - 03:30 AM,16.12,119.80,025,1.5,000km N 44° W of Agno (Pangasinan),000,N 44° W,Agno (Pangasinan)
2025-12-29T03:26:00.000Z,29 December 2025 - 03:26 AM,07.48,124.18,018,2.2,007km S 67° E of Balabagan (Lanao Del Sur),007,S 67° E,Balabagan (Lanao Del Sur)
2025-12-29T03:21:00.000Z,29 December 2025 - 03:21 AM,10.28,125.33,020,1.7,008km N 83° E of Anahawan (Southern Leyte),008,N 83° E,Anahawan (Southern Leyte)
2025-12-29T02:56:00.000Z,29 December 2025 - 02:56 AM,10.88,124.19,025,2.0,030km S 52° E of City Of Bogo (Cebu),030,S 52° E,City Of Bogo (Cebu)
2025-12-29T02:51:00.000Z,29 December 2025 - 02:51 AM,10.31,125.23,031,1.7,005km N 33° W of Anahawan (Southern Leyte),005,N 33° W,Anahawan (Southern Leyte)
2025-12-29T02:47:00.000Z,29 December 2025 - 02:47 AM,10.27,125.26,010,4.0,000km S 23° E of Anahawan (Southern Leyte),000,S 23° E,Anahawan (Southern Leyte)
2025-12-29T02:38:00.000Z,29 December 2025 - 02:38 AM,08.18,126.72,005,2.3,037km N 65° E of Lingig (Surigao Del Sur),037,N 65° E,Lingig (Surigao Del Sur)
2025-12-29T02:16:00.000Z,29 December 2025 - 02:16 AM,18.38,120.75,026,2.5,015km N 69° E of Pasuquin (Ilocos Norte),015,N 69° E,Pasuquin (Ilocos Norte)
2025-12-29T02:13:00.000Z,29 December 2025 - 02:13 AM,05.72,125.97,026,2.7,042km S 60° E of Jose Abad Santos (Davao Occidental),042,S 60° E,Jose Abad Santos (Davao Occidental)
2025-12-29T01:55:00.000Z,29 December 2025 - 01:55 AM,12.05,125.49,029,1.7,002km N 42° E of Dolores (Eastern Samar),002,N 42° E,Dolores (Eastern Samar)
2025-12-29T00:29:00.000Z,29 December 2025 - 12:29 AM,10.91,123.83,034,2.0,022km S 46° W of City Of Bogo (Cebu),022,S 46° W,City Of Bogo (Cebu)
2025-12-29T00:28:00.000Z,29 December 2025 - 12:28 AM,15.95,119.54,029,1.9,034km S 57° W of Agno (Pangasinan),034,S 57° W,Agno (Pangasinan)
2025-12-28T23:47:00.000Z,28 December 2025 - 11:47 PM,12.92,123.05,008,2.3,022km N 85° W of Claveria (Masbate),022,N 85° W,Claveria (Masbate)
2025-12-28T23:25:00.000Z,28 December 2025 - 11:25 PM,10.88,123.75,006,1.7,015km N 65° W of Tabuelan (Cebu),015,N 65° W,Tabuelan (Cebu)
2025-12-28T23:17:00.000Z,28 December 2025 - 11:17 PM,13.44,120.83,035,1.4,012km S 85° E of Abra De Ilog (Occidental Mindoro),012,S 85° E,Abra De Ilog (Occidental Mindoro)
